,CONDITION,TYPE,Roadname,System ID,PCI,Distress Description
0,POOR,CONCRETE,E 10th ST,r4652,70.0,WEATHERING
1,POOR,CONCRETE,E 10th ST,r4652,70.0,ALLIGATOR CRACKING
2,POOR,CONCRETE,E 10th ST,r4652,70.0,LONGITUDINAL/TRANSVERSE CRACKING
3,POOR,CONCRETE,E 11th ST,r476,48.0,PATCH/UTILITY CUT
4,POOR,CONCRETE,E 11th ST,r476,48.0,LONGITUDINAL/TRANSVERSE CRACKING
5,POOR,CONCRETE,E 11th ST,r476,48.0,ALLIGATOR CRACKING
6,POOR,CONCRETE,E 11th ST,r476,48.0,WEATHERING
7,POOR,CONCRETE,E 11th ST,r476,48.0,ALLIGATOR CRACKING
8,POOR,CONCRETE,E 12th ST,q4757,72.0,LONGITUDINAL/TRANSVERSE CRACKING
9,POOR,CONCRETE,E 12th ST,q4757,72.0,PATCH/UTILITY CUT
10,POOR,CONCRETE,E 12th ST,q4757,72.0,ALLIGATOR CRACKING
11,POOR,CONCRETE,E 12th ST,q4757,72.0,WEATHERING
12,POOR,PAVER,E 13th ST,r4712,56.0,ALLIGATOR CRACKING
13,POOR,PAVER,E 13th ST,r4712,56.0,WEATHERING
14,POOR,PAVER,E 13th ST,r4740,18.0,WEATHERING
15,POOR,PAVER,E 13th ST,r4740,18.0,PATCH/UTILITY CUT
16,POOR,PAVER,E 13th ST,r4740,18.0,RUTTING
17,POOR,PAVER,E 13th ST,r4740,18.0,ALLIGATOR CRACKING
18,POOR,PAVER,E 14th ST,r4716,33.0,ALLIGATOR CRACKING
19,POOR,PAVER,E 14th ST,r4716,33.0,LONGITUDINAL/TRANSVERSE CRACKING
20,POOR,PAVER,E 14th ST,r4716,33.0,WEATHERING
21,POOR,PAVER,E 14th ST,r4716,33.0,EDGE CRACKING
22,POOR,PAVER,E 14th ST,r4717,30.0,LONGITUDINAL/TRANSVERSE CRACKING
23,POOR,PAVER,E 14th ST,r4717,30.0,ALLIGATOR CRACKING
24,POOR,PAVER,E 14th ST,r4717,30.0,ALLIGATOR CRACKING
25,POOR,PAVER,E 14th ST,r4717,30.0,WEATHERING
26,POOR,CONCRETE,E 15th ST,q4779,36.0,ALLIGATOR CRACKING
27,POOR,CONCRETE,E 15th ST,q4779,36.0,BLOCK CRACKING
28,POOR,CONCRETE,E 15th ST,q4779,36.0,ALLIGATOR CRACKING
29,POOR,CONCRETE,E 15th ST,q4779,36.0,WEATHERING
30,POOR,CONCRETE,E 15th ST,q4780,36.0,BLOCK CRACKING
31,POOR,CONCRETE,E 15th ST,q4780,36.0,ALLIGATOR CRACKING
32,POOR,CONCRETE,E 15th ST,q4780,36.0,WEATHERING
33,POOR,CONCRETE,E 15th ST,q4780,36.0,ALLIGATOR CRACKING
34,POOR,CONCRETE,E 15th ST,q4780,36.0,BLOCK CRACKING
35,POOR,CONCRETE,E 15th ST,q4780,36.0,ALLIGATOR CRACKING
36,POOR,CONCRETE,E 15th ST,q4780,36.0,WEATHERING
37,POOR,CONCRETE,E 15th ST,q4780,36.0,ALLIGATOR CRACKING
38,POOR,CONCRETE,E 15th ST,q4781,36.0,BLOCK CRACKING
39,POOR,CONCRETE,E 15th ST,q4781,36.0,WEATHERING
40,POOR,CONCRETE,E 15th ST,q4781,36.0,ALLIGATOR CRACKING
41,POOR,CONCRETE,E 15th ST,q4781,36.0,ALLIGATOR CRACKING
42,POOR,CONCRETE,E 15th ST,q4782,36.0,WEATHERING
43,POOR,CONCRETE,E 15th ST,q4782,36.0,BLOCK CRACKING
44,POOR,CONCRETE,E 15th ST,q4782,36.0,ALLIGATOR CRACKING
45,POOR,CONCRETE,E 15th ST,q4782,36.0,ALLIGATOR CRACKING
46,POOR,CONCRETE,E 16th ST,q4784,65.0,WEATHERING
47,POOR,CONCRETE,E 16th ST,q4784,65.0,ALLIGATOR CRACKING
48,POOR,CONCRETE,E 16th ST,q4784,65.0,PATCH/UTILITY CUT
49,POOR,CONCRETE,E 16th ST,q4784,65.0,LONGITUDINAL/TRANSVERSE CRACKING
50,POOR,CONCRETE,E 16th ST,q4784,65.0,LONGITUDINAL/TRANSVERSE CRACKING
51,POOR,CONCRETE,E 16th ST,q4784,65.0,WEATHERING
52,POOR,CONCRETE,E 16th ST,q4784,65.0,ALLIGATOR CRACKING
53,POOR,CONCRETE,E 16th ST,q4784,65.0,PATCH/UTILITY CUT
54,POOR,CONCRETE,E 16th ST,q4784,65.0,LONGITUDINAL/TRANSVERSE CRACKING
55,POOR,CONCRETE,E 16th ST,q4784,65.0,LONGITUDINAL/TRANSVERSE CRACKING
56,POOR,CONCRETE,E 16th ST,q4785,42.0,LONGITUDINAL/TRANSVERSE CRACKING
57,POOR,CONCRETE,E 16th ST,q4785,42.0,ALLIGATOR CRACKING
58,POOR,CONCRETE,E 16th ST,q4785,42.0,ALLIGATOR CRACKING
59,POOR,CONCRETE,E 16th ST,q4785,42.0,WEATHERING
60,POOR,CONCRETE,E 16th ST,q4785,42.0,LONGITUDINAL/TRANSVERSE CRACKING
61,POOR,CONCRETE,E 16th ST,q4785,42.0,ALLIGATOR CRACKING
62,POOR,CONCRETE,E 16th ST,q4785,42.0,ALLIGATOR CRACKING
63,POOR,CONCRETE,E 16th ST,q4785,42.0,WEATHERING
64,POOR,CONCRETE,E 16th ST,q4786,68.0,LONGITUDINAL/TRANSVERSE CRACKING
65,POOR,CONCRETE,E 16th ST,q4786,68.0,PATCH/UTILITY CUT
66,POOR,CONCRETE,E 16th ST,q4786,68.0,ALLIGATOR CRACKING
67,POOR,CONCRETE,E 16th ST,q4786,68.0,WEATHERING
68,POOR,CONCRETE,E 16th ST,q4786,68.0,LONGITUDINAL/TRANSVERSE CRACKING
69,POOR,CONCRETE,E 16th ST,q4786,68.0,PATCH/UTILITY CUT
70,POOR,CONCRETE,E 16th ST,q4786,68.0,ALLIGATOR CRACKING
71,POOR,CONCRETE,E 16th ST,q4786,68.0,WEATHERING
72,POOR,CONCRETE,E 16th ST,q4786,68.0,LONGITUDINAL/TRANSVERSE CRACKING
73,POOR,CONCRETE,E 16th ST,q4786,68.0,PATCH/UTILITY CUT
74,POOR,CONCRETE,E 16th ST,q4786,68.0,ALLIGATOR CRACKING
75,POOR,CONCRETE,E 16th ST,q4786,68.0,WEATHERING
76,POOR,CONCRETE,E 16th ST,q4787,69.0,WEATHERING
77,POOR,CONCRETE,E 16th ST,q4787,69.0,ALLIGATOR CRACKING
78,POOR,CONCRETE,E 16th ST,q4787,69.0,LONGITUDINAL/TRANSVERSE CRACKING
79,POOR,CONCRETE,E 1st ST,r4415,65.0,LONGITUDINAL/TRANSVERSE CRACKING
80,POOR,CONCRETE,E 1st ST,r4415,65.0,LONGITUDINAL/TRANSVERSE CRACKING
81,POOR,CONCRETE,E 1st ST,r4415,65.0,WEATHERING
82,POOR,CONCRETE,E 1st ST,r4415,65.0,LONGITUDINAL/TRANSVERSE CRACKING
83,POOR,CONCRETE,E 1st ST,r4415,65.0,PATCH/UTILITY CUT
84,POOR,CONCRETE,E 1st ST,r4415,65.0,LONGITUDINAL/TRANSVERSE CRACKING
85,POOR,CONCRETE,E 1st ST,r4415,65.0,ALLIGATOR CRACKING
86,POOR,CONCRETE,E 1st ST,r4415,65.0,ALLIGATOR CRACKING
87,POOR,CONCRETE,E 1st ST,r4415,65.0,WEATHERING
88,POOR,CONCRETE,E 1st ST,r4419,92.0,WEATHERING
89,POOR,CONCRETE,E 1st ST,r4419,92.0,LONGITUDINAL/TRANSVERSE CRACKING
90,POOR,CONCRETE,E 2nd ST,q4410,57.0,WEATHERING
91,POOR,CONCRETE,E 2nd ST,q4410,57.0,ALLIGATOR CRACKING
92,POOR,CONCRETE,E 2nd ST,q4410,57.0,LONGITUDINAL/TRANSVERSE CRACKING
93,POOR,CONCRETE,E 2nd ST,r441,82.0,WEATHERING
94,POOR,CONCRETE,E 2nd ST,r441,82.0,PATCH/UTILITY CUT
95,POOR,CONCRETE,E 2nd ST,r441,82.0,LONGITUDINAL/TRANSVERSE CRACKING
96,POOR,CONCRETE,E 2nd ST,r441,82.0,LONGITUDINAL/TRANSVERSE CRACKING
97,POOR,CONCRETE,E 2nd ST,r441,82.0,WEATHERING
98,POOR,CONCRETE,E 2nd ST,r441,82.0,LONGITUDINAL/TRANSVERSE CRACKING
99,POOR,CONCRETE,E 2nd ST,r441,82.0,PATCH/UTILITY CUT
100,POOR,CONCRETE,E 2nd ST,r442,48.0,BLOCK CRACKING
101,POOR,CONCRETE,E 2nd ST,r442,48.0,WEATHERING
102,POOR,CONCRETE,E 2nd ST,r442,48.0,ALLIGATOR CRACKING
103,POOR,CONCRETE,E 2nd ST,r442,48.0,BLOCK CRACKING
104,POOR,CONCRETE,E 2nd ST,r442,48.0,WEATHERING
105,POOR,CONCRETE,E 2nd ST,r442,48.0,ALLIGATOR CRACKING
106,POOR,CONCRETE,E 2nd ST,r442,48.0,BLOCK CRACKING
107,POOR,CONCRETE,E 2nd ST,r442,48.0,WEATHERING
108,POOR,CONCRETE,E 2nd ST,r442,48.0,ALLIGATOR CRACKING
109,POOR,CONCRETE,E 2nd ST,r443,60.0,WEATHERING
110,POOR,CONCRETE,E 2nd ST,r443,60.0,ALLIGATOR CRACKING
111,POOR,CONCRETE,E 2nd ST,r443,60.0,BLOCK CRACKING
112,POOR,CONCRETE,E 2nd ST,r443,60.0,LONGITUDINAL/TRANSVERSE CRACKING
113,POOR,CONCRETE,E 2nd ST,r443,60.0,ALLIGATOR CRACKING
114,POOR,CONCRETE,E 2nd ST,r443,60.0,WEATHERING
115,POOR,CONCRETE,E 2nd ST,r443,60.0,LONGITUDINAL/TRANSVERSE CRACKING
116,POOR,CONCRETE,E 2nd ST,r444,55.0,WEATHERING
117,POOR,CONCRETE,E 2nd ST,r444,55.0,ALLIGATOR CRACKING
118,POOR,CONCRETE,E 2nd ST,r444,55.0,BLOCK CRACKING
119,POOR,CONCRETE,E 2nd ST,r444,55.0,WEATHERING
120,POOR,CONCRETE,E 2nd ST,r444,55.0,ALLIGATOR CRACKING
121,POOR,CONCRETE,E 2nd ST,r444,55.0,BLOCK CRACKING
122,POOR,CONCRETE,E 2nd ST,r444,55.0,WEATHERING
123,POOR,CONCRETE,E 2nd ST,r444,55.0,ALLIGATOR CRACKING
124,POOR,CONCRETE,E 2nd ST,r444,55.0,BLOCK CRACKING
125,POOR,CONCRETE,E 2nd ST,s4461,40.0,BLOCK CRACKING
126,POOR,CONCRETE,E 2nd ST,s4461,40.0,WEATHERING
127,POOR,CONCRETE,E 2nd ST,s4461,40.0,RUTTING
128,POOR,CONCRETE,E 2nd ST,s4461,40.0,ALLIGATOR CRACKING
129,POOR,CONCRETE,E 2nd ST,s4461,40.0,RUTTING
130,POOR,CONCRETE,E 2nd ST,s4461,40.0,ALLIGATOR CRACKING
131,POOR,CONCRETE,E 2nd ST,s4461,40.0,WEATHERING
132,POOR,CONCRETE,E 2nd ST,s4461,40.0,EDGE CRACKING
133,POOR,CONCRETE,E 2nd ST,s4461,40.0,BLOCK CRACKING
134,POOR,CONCRETE,E 2nd ST,s4461,40.0,PATCH/UTILITY CUT
135,POOR,CONCRETE,E 2nd ST,s4461,40.0,PATCH/UTILITY CUT
136,POOR,CONCRETE,E 2nd ST,s4461,40.0,LANE/SHOULDER DROP
137,POOR,CONCRETE,E 2nd ST,s4461,40.0,WEATHERING
138,POOR,CONCRETE,E 2nd ST,s4461,40.0,BLOCK CRACKING
139,POOR,CONCRETE,E 2nd ST,s4461,40.0,EDGE CRACKING
140,POOR,CONCRETE,E 2nd ST,s4461,40.0,RUTTING
141,POOR,CONCRETE,E 4th ST,q4588,46.0,WEATHERING
142,POOR,CONCRETE,E 4th ST,q4588,46.0,ALLIGATOR CRACKING
143,POOR,CONCRETE,E 4th ST,q4588,46.0,BLOCK CRACKING
144,POOR,CONCRETE,E 4th ST,q4588,46.0,PATCH/UTILITY CUT
145,POOR,CONCRETE,E 7th ST,q46100,22.0,WEATHERING
146,POOR,CONCRETE,E 7th ST,q46100,22.0,ALLIGATOR CRACKING
147,POOR,CONCRETE,E 7th ST,q46100,22.0,ALLIGATOR CRACKING
148,POOR,CONCRETE,E 7th ST,q46100,22.0,LONGITUDINAL/TRANSVERSE CRACKING
149,POOR,CONCRETE,E 7th ST,q46100,22.0,ALLIGATOR CRACKING
150,POOR,CONCRETE,E 7th ST,q46100,22.0,WEATHERING
151,POOR,CONCRETE,E 7th ST,q46100,22.0,ALLIGATOR CRACKING
152,POOR,CONCRETE,E 7th ST,q46100,22.0,ALLIGATOR CRACKING
153,POOR,CONCRETE,E 7th ST,q46100,22.0,LONGITUDINAL/TRANSVERSE CRACKING
154,POOR,CONCRETE,E 7th ST,q46100,22.0,ALLIGATOR CRACKING
155,POOR,CONCRETE,E 7th ST,q46101,61.0,PATCH/UTILITY CUT
156,POOR,CONCRETE,E 7th ST,q46101,61.0,ALLIGATOR CRACKING
157,POOR,CONCRETE,E 7th ST,q46101,61.0,WEATHERING
158,POOR,CONCRETE,E 7th ST,q46101,61.0,BLOCK CRACKING
159,POOR,CONCRETE,E 7th ST,q4698,56.0,WEATHERING
160,POOR,CONCRETE,E 7th ST,q4698,56.0,PATCH/UTILITY CUT
161,POOR,CONCRETE,E 7th ST,q4698,56.0,BLOCK CRACKING
162,POOR,CONCRETE,E 7th ST,q4699,52.0,ALLIGATOR CRACKING
163,POOR,CONCRETE,E 7th ST,q4699,52.0,PATCH/UTILITY CUT
164,POOR,CONCRETE,E 7th ST,q4699,52.0,BLOCK CRACKING
165,POOR,CONCRETE,E 7th ST,q4699,52.0,ALLIGATOR CRACKING
166,POOR,CONCRETE,E 7th ST,q4699,52.0,WEATHERING
167,POOR,CONCRETE,E 7th ST,q4699,52.0,ALLIGATOR CRACKING
168,POOR,CONCRETE,E 7th ST,q4699,52.0,PATCH/UTILITY CUT
169,POOR,CONCRETE,E 7th ST,q4699,52.0,BLOCK CRACKING
170,POOR,CONCRETE,E 7th ST,q4699,52.0,ALLIGATOR CRACKING
171,POOR,CONCRETE,E 7th ST,q4699,52.0,WEATHERING
172,POOR,CONCRETE,E 7th ST,s465,27.0,BLOCK CRACKING
173,POOR,CONCRETE,E 7th ST,s465,27.0,WEATHERING
174,POOR,CONCRETE,E 7th ST,s465,27.0,ALLIGATOR CRACKING
175,POOR,CONCRETE,E 7th ST,s465,27.0,PATCH/UTILITY CUT
176,POOR,CONCRETE,E 9th ST,q4681,79.0,WEATHERING
177,POOR,CONCRETE,E 9th ST,q4681,79.0,LONGITUDINAL/TRANSVERSE CRACKING
178,POOR,CONCRETE,E 9th ST,q4681,79.0,LONGITUDINAL/TRANSVERSE CRACKING
179,POOR,CONCRETE,E Alice ST,q46105,87.0,WEATHERING
180,POOR,CONCRETE,E Alice ST,q46105,87.0,PATCH/UTILITY CUT
181,POOR,CONCRETE,E Alice ST,q46105,87.0,LONGITUDINAL/TRANSVERSE CRACKING
182,POOR,CONCRETE,E Alice ST,q46105,87.0,WEATHERING
183,POOR,CONCRETE,E Alice ST,q46105,87.0,PATCH/UTILITY CUT
184,POOR,CONCRETE,E Alice ST,q46105,87.0,LONGITUDINAL/TRANSVERSE CRACKING
185,POOR,CONCRETE,E Allen ST,q432,36.0,WEATHERING
186,POOR,CONCRETE,E Allen ST,q432,36.0,BLOCK CRACKING
187,POOR,CONCRETE,E Allen ST,q432,36.0,ALLIGATOR CRACKING
188,POOR,CONCRETE,E Allendale DR,r3953,61.0,WEATHERING
189,POOR,CONCRETE,E Allendale DR,r3953,61.0,LONGITUDINAL/TRANSVERSE CRACKING
190,POOR,CONCRETE,E Allendale DR,r3953,61.0,ALLIGATOR CRACKING
191,POOR,CONCRETE,E Atwater AVE,r4534,46.0,ALLIGATOR CRACKING
192,POOR,CONCRETE,E Atwater AVE,r4534,46.0,BLOCK CRACKING
193,POOR,CONCRETE,E Atwater AVE,r4534,46.0,ALLIGATOR CRACKING
194,POOR,CONCRETE,E Atwater AVE,r4534,46.0,LONGITUDINAL/TRANSVERSE CRACKING
195,POOR,CONCRETE,E Atwater AVE,r4534,46.0,WEATHERING
196,POOR,CONCRETE,E Atwater AVE,r4534,46.0,BLOCK CRACKING
197,POOR,CONCRETE,E Atwater AVE,r4560,93.0,WEATHERING
198,POOR,CONCRETE,E Atwater AVE,r4560,93.0,LONGITUDINAL/TRANSVERSE CRACKING
199,POOR,CONCRETE,E Atwater AVE,r4561,86.0,LONGITUDINAL/TRANSVERSE CRACKING
200,POOR,CONCRETE,E Atwater AVE,r4561,86.0,LONGITUDINAL/TRANSVERSE CRACKING
201,POOR,CONCRETE,E Atwater AVE,r4561,86.0,WEATHERING
202,POOR,CONCRETE,E Atwater AVE,r4562,76.0,ALLIGATOR CRACKING
203,POOR,CONCRETE,E Atwater AVE,r4562,76.0,WEATHERING
204,POOR,CONCRETE,E Atwater AVE,r4562,76.0,LONGITUDINAL/TRANSVERSE CRACKING
205,POOR,CONCRETE,E Azalea LN,rcl378,92.0,WEATHERING
206,POOR,CONCRETE,E Azalea LN,rcl378,92.0,LONGITUDINAL/TRANSVERSE CRACKING
207,POOR,CONCRETE,E Azalea LN,rcl378,92.0,WEATHERING
208,POOR,CONCRETE,E Azalea LN,rcl378,92.0,LONGITUDINAL/TRANSVERSE CRACKING
209,POOR,CONCRETE,E Browning CT,r3982,30.0,ALLIGATOR CRACKING
210,POOR,CONCRETE,E Browning CT,r3982,30.0,WEATHERING
211,POOR,CONCRETE,E Browning CT,r3982,30.0,BLOCK CRACKING
212,POOR,CONCRETE,E Browning LN,s394,42.0,ALLIGATOR CRACKING
213,POOR,CONCRETE,E Browning LN,s394,42.0,WEATHERING
214,POOR,CONCRETE,E Browning LN,s394,42.0,LONGITUDINAL/TRANSVERSE CRACKING
215,POOR,CONCRETE,E Browning LN,s394,42.0,WEATHERING
216,POOR,CONCRETE,E Browning LN,s394,42.0,ALLIGATOR CRACKING
217,POOR,CONCRETE,E Browning LN,s394,42.0,LONGITUDINAL/TRANSVERSE CRACKING
218,POOR,CONCRETE,E Browning LN,s394,42.0,ALLIGATOR CRACKING
219,POOR,CONCRETE,E Browning LN,s394,42.0,WEATHERING
220,POOR,CONCRETE,E Browning LN,s394,42.0,LONGITUDINAL/TRANSVERSE CRACKING
221,POOR,CONCRETE,E Browning LN,s394,42.0,WEATHERING
222,POOR,CONCRETE,E Browning LN,s394,42.0,ALLIGATOR CRACKING
223,POOR,CONCRETE,E Browning LN,s394,42.0,LONGITUDINAL/TRANSVERSE CRACKING
224,POOR,CONCRETE,E Browning LN,s395,64.0,LONGITUDINAL/TRANSVERSE CRACKING
225,POOR,CONCRETE,E Browning LN,s395,64.0,ALLIGATOR CRACKING
226,POOR,CONCRETE,E Browning LN,s395,64.0,WEATHERING
227,POOR,CONCRETE,E Buick Cadillac BLVD,t4439,53.0,RUTTING
228,POOR,CONCRETE,E Buick Cadillac BLVD,t4439,53.0,WEATHERING
229,POOR,CONCRETE,E Buick Cadillac BLVD,t4439,53.0,ALLIGATOR CRACKING
230,POOR,CONCRETE,E Buick Cadillac BLVD,t4439,53.0,LONGITUDINAL/TRANSVERSE CRACKING
231,POOR,CONCRETE,E Buick Cadillac BLVD,t4439,53.0,LONGITUDINAL/TRANSVERSE CRACKING
232,POOR,CONCRETE,E Buick Cadillac BLVD,t4439,53.0,ALLIGATOR CRACKING
233,POOR,CONCRETE,E Buick Cadillac BLVD,t4439,53.0,RUTTING
234,POOR,CONCRETE,E Buick Cadillac BLVD,t4439,53.0,WEATHERING
235,POOR,CONCRETE,E Buick Cadillac BLVD,t4439,53.0,PATCH/UTILITY CUT
236,POOR,CONCRETE,E Cottage Grove AVE,q4659,45.0,LONGITUDINAL/TRANSVERSE CRACKING
237,POOR,CONCRETE,E Cottage Grove AVE,q4659,45.0,PATCH/UTILITY CUT
238,POOR,CONCRETE,E Cottage Grove AVE,q4659,45.0,ALLIGATOR CRACKING
239,POOR,CONCRETE,E Cottage Grove AVE,q4659,45.0,WEATHERING
240,POOR,CONCRETE,E Dixie ST,q4316,43.0,LONGITUDINAL/TRANSVERSE CRACKING
241,POOR,CONCRETE,E Dixie ST,q4316,43.0,ALLIGATOR CRACKING
242,POOR,CONCRETE,E Dixie ST,q4316,43.0,WEATHERING
243,POOR,CONCRETE,E Eddington CT,q3911,83.0,WEATHERING
244,POOR,CONCRETE,E Eddington CT,q3911,83.0,LONGITUDINAL/TRANSVERSE CRACKING
245,POOR,CONCRETE,E Gentry BLVD,w434,49.0,LONGITUDINAL/TRANSVERSE CRACKING
246,POOR,CONCRETE,E Gentry BLVD,w434,49.0,WEATHERING
247,POOR,CONCRETE,E Gentry BLVD,w434,49.0,ALLIGATOR CRACKING
248,POOR,CONCRETE,E Gentry BLVD,w434,49.0,WEATHERING
249,POOR,CONCRETE,E Gentry BLVD,w434,49.0,ALLIGATOR CRACKING
250,POOR,CONCRETE,E Gentry BLVD,w434,49.0,LONGITUDINAL/TRANSVERSE CRACKING
251,POOR,CONCRETE,E Gentry BLVD,w434,49.0,LONGITUDINAL/TRANSVERSE CRACKING
252,POOR,CONCRETE,E Gentry BLVD,w434,49.0,WEATHERING
253,POOR,CONCRETE,E Gentry BLVD,w434,49.0,ALLIGATOR CRACKING
254,POOR,CONCRETE,E Gentry BLVD,w434,49.0,WEATHERING
255,POOR,CONCRETE,E Gentry BLVD,w434,49.0,ALLIGATOR CRACKING
256,POOR,CONCRETE,E Gentry BLVD,w434,49.0,LONGITUDINAL/TRANSVERSE CRACKING
257,POOR,CONCRETE,E Gosport CT,u413,49.0,WEATHERING
258,POOR,CONCRETE,E Gosport CT,u413,49.0,LONGITUDINAL/TRANSVERSE CRACKING
259,POOR,CONCRETE,E Gosport CT,u413,49.0,ALLIGATOR CRACKING
260,POOR,CONCRETE,E Gosport CT,u413,49.0,LONGITUDINAL/TRANSVERSE CRACKING
261,POOR,CONCRETE,E Gosport CT,u413,49.0,BLOCK CRACKING
262,POOR,CONCRETE,E Gosport CT,u413,49.0,LONGITUDINAL/TRANSVERSE CRACKING
263,POOR,CONCRETE,E Gosport CT,u413,49.0,ALLIGATOR CRACKING
264,POOR,CONCRETE,E Gosport CT,u413,49.0,PATCH/UTILITY CUT
265,POOR,CONCRETE,E Gosport CT,u413,49.0,LONGITUDINAL/TRANSVERSE CRACKING
266,POOR,CONCRETE,E Gosport CT,u413,49.0,WEATHERING
267,POOR,CONCRETE,E Greenbriar LN,s4137,60.0,WEATHERING
268,POOR,CONCRETE,E Greenbriar LN,s4137,60.0,LONGITUDINAL/TRANSVERSE CRACKING
269,POOR,CONCRETE,E Greenbriar LN,s4137,60.0,ALLIGATOR CRACKING
270,POOR,CONCRETE,E Greenbriar LN,s4137,60.0,WEATHERING
271,POOR,CONCRETE,E Hillside DR,s423,41.0,ALLIGATOR CRACKING
272,POOR,CONCRETE,E Hillside DR,s423,41.0,ALLIGATOR CRACKING
273,POOR,CONCRETE,E Hillside DR,s423,41.0,WEATHERING
274,POOR,CONCRETE,E Hillside DR,s423,41.0,LONGITUDINAL/TRANSVERSE CRACKING
275,POOR,CONCRETE,E Hillside DR,s426,39.0,LONGITUDINAL/TRANSVERSE CRACKING
276,POOR,CONCRETE,E Hillside DR,s426,39.0,POTHOLE
277,POOR,CONCRETE,E Hillside DR,s426,39.0,ALLIGATOR CRACKING
278,POOR,CONCRETE,E Hillside DR,s426,39.0,WEATHERING
279,POOR,CONCRETE,E Hillside DR,s426,39.0,ALLIGATOR CRACKING
280,POOR,CONCRETE,E Hillside DR,s426,39.0,PATCH/UTILITY CUT
281,POOR,CONCRETE,E Kennedy CT,rcl134,63.0,WEATHERING
282,POOR,CONCRETE,E Kennedy CT,rcl134,63.0,ALLIGATOR CRACKING
283,POOR,CONCRETE,E Kennedy CT,rcl134,63.0,LONGITUDINAL/TRANSVERSE CRACKING
284,POOR,CONCRETE,E Miller DR,q4213,63.0,WEATHERING
285,POOR,CONCRETE,E Miller DR,q4213,63.0,LONGITUDINAL/TRANSVERSE CRACKING
286,POOR,CONCRETE,E Miller DR,q4213,63.0,ALLIGATOR CRACKING
287,POOR,CONCRETE,E Miller DR,q4213,63.0,WEATHERING
288,POOR,CONCRETE,E Miller DR,q4213,63.0,LONGITUDINAL/TRANSVERSE CRACKING
289,POOR,CONCRETE,E Miller DR,q4213,63.0,WEATHERING
290,POOR,CONCRETE,E Miller DR,q4213,63.0,ALLIGATOR CRACKING
291,POOR,CONCRETE,E Miller DR,q4213,63.0,LONGITUDINAL/TRANSVERSE CRACKING
292,POOR,CONCRETE,E Miller DR,q4213,63.0,ALLIGATOR CRACKING
293,POOR,CONCRETE,E Miller DR,q4213,63.0,ALLIGATOR CRACKING
294,POOR,CONCRETE,E Miller DR,q4213,63.0,LONGITUDINAL/TRANSVERSE CRACKING
295,POOR,CONCRETE,E Miller DR,q4213,63.0,WEATHERING
296,POOR,CONCRETE,E Miller DR,q4213,63.0,LONGITUDINAL/TRANSVERSE CRACKING
297,POOR,CONCRETE,E Miller DR,q4213,63.0,ALLIGATOR CRACKING
298,POOR,CONCRETE,E Miller DR,q4213,63.0,LONGITUDINAL/TRANSVERSE CRACKING
299,POOR,CONCRETE,E Miller DR,q4213,63.0,WEATHERING
300,POOR,CONCRETE,E Miller DR,q4213,63.0,ALLIGATOR CRACKING
301,POOR,CONCRETE,E Morningside DR,v4512,55.0,WEATHERING
302,POOR,CONCRETE,E Morningside DR,v4512,55.0,ALLIGATOR CRACKING
303,POOR,CONCRETE,E Morningside DR,v4512,55.0,LONGITUDINAL/TRANSVERSE CRACKING
304,POOR,CONCRETE,E Morningside DR,v4512,55.0,WEATHERING
305,POOR,CONCRETE,E Morningside DR,v4512,55.0,ALLIGATOR CRACKING
306,POOR,CONCRETE,E Morningside DR,v4512,55.0,LONGITUDINAL/TRANSVERSE CRACKING
307,POOR,CONCRETE,E Morningside DR,v4512,55.0,POTHOLE
308,POOR,CONCRETE,E Morningside DR,v4512,55.0,WEATHERING
309,POOR,CONCRETE,E Morningside DR,v4512,55.0,ALLIGATOR CRACKING
310,POOR,CONCRETE,E Morningside DR,v4512,55.0,LONGITUDINAL/TRANSVERSE CRACKING
311,POOR,CONCRETE,E Morningside DR,v4512,55.0,WEATHERING
312,POOR,CONCRETE,E Morningside DR,v4512,55.0,ALLIGATOR CRACKING
313,POOR,CONCRETE,E Morningside DR,v4512,55.0,LONGITUDINAL/TRANSVERSE CRACKING
314,POOR,CONCRETE,E Morningside DR,v4512,55.0,POTHOLE
315,POOR,CONCRETE,E Poplar DR,t4021,45.0,LONGITUDINAL/TRANSVERSE CRACKING
316,POOR,CONCRETE,E Poplar DR,t4021,45.0,WEATHERING
317,POOR,CONCRETE,E Poplar DR,t4021,45.0,ALLIGATOR CRACKING
318,POOR,CONCRETE,E Regents CT,rcl765,35.0,LONGITUDINAL/TRANSVERSE CRACKING
319,POOR,CONCRETE,E Regents CT,rcl765,35.0,WEATHERING
320,POOR,CONCRETE,E Regents CT,rcl765,35.0,ALLIGATOR CRACKING
321,POOR,CONCRETE,E Rhorer RD,rcl1493,38.0,LONGITUDINAL/TRANSVERSE CRACKING
322,POOR,CONCRETE,E Rhorer RD,rcl1493,38.0,ALLIGATOR CRACKING
323,POOR,CONCRETE,E Rhorer RD,rcl1493,38.0,WEATHERING
324,POOR,CONCRETE,E Rhorer RD,rcl1493,38.0,RUTTING
325,POOR,CONCRETE,E Rhorer RD,rcl1493,38.0,LONGITUDINAL/TRANSVERSE CRACKING
326,POOR,CONCRETE,E Rhorer RD,rcl1493,38.0,RUTTING
327,POOR,CONCRETE,E Rhorer RD,rcl1493,38.0,PATCH/UTILITY CUT
328,POOR,CONCRETE,E Rhorer RD,rcl1493,38.0,LONGITUDINAL/TRANSVERSE CRACKING
329,POOR,CONCRETE,E Rhorer RD,rcl1493,38.0,ALLIGATOR CRACKING
330,POOR,CONCRETE,E Rhorer RD,rcl1493,38.0,WEATHERING
331,POOR,CONCRETE,E Rhorer RD,rcl1493,38.0,ALLIGATOR CRACKING
332,POOR,CONCRETE,E Rhorer RD,rcl1493,38.0,LONGITUDINAL/TRANSVERSE CRACKING
333,POOR,CONCRETE,E Rhorer RD,rcl1493,38.0,ALLIGATOR CRACKING
334,POOR,CONCRETE,E Rhorer RD,rcl1493,38.0,WEATHERING
335,POOR,CONCRETE,E Rhorer RD,rcl1493,38.0,RUTTING
336,POOR,CONCRETE,E Rhorer RD,rcl1493,38.0,LONGITUDINAL/TRANSVERSE CRACKING
337,POOR,CONCRETE,E Rhorer RD,rcl1493,38.0,RUTTING
338,POOR,CONCRETE,E Rhorer RD,rcl1493,38.0,PATCH/UTILITY CUT
339,POOR,CONCRETE,E Rhorer RD,rcl1493,38.0,LONGITUDINAL/TRANSVERSE CRACKING
340,POOR,CONCRETE,E Rhorer RD,rcl1493,38.0,ALLIGATOR CRACKING
341,POOR,CONCRETE,E Rhorer RD,rcl1493,38.0,WEATHERING
342,POOR,CONCRETE,E Rhorer RD,rcl1493,38.0,ALLIGATOR CRACKING
343,POOR,CONCRETE,E Rhorer RD,rcl1493,38.0,LONGITUDINAL/TRANSVERSE CRACKING
344,POOR,CONCRETE,E Rhorer RD,rcl1493,38.0,ALLIGATOR CRACKING
345,POOR,CONCRETE,E Rhorer RD,rcl1493,38.0,WEATHERING
346,POOR,CONCRETE,E Rhorer RD,rcl1493,38.0,RUTTING
347,POOR,CONCRETE,E Rhorer RD,rcl1493,38.0,LONGITUDINAL/TRANSVERSE CRACKING
348,POOR,CONCRETE,E Rhorer RD,rcl1493,38.0,RUTTING
349,POOR,CONCRETE,E Rhorer RD,rcl1493,38.0,PATCH/UTILITY CUT
350,POOR,CONCRETE,E Rhorer RD,rcl1493,38.0,LONGITUDINAL/TRANSVERSE CRACKING
351,POOR,CONCRETE,E Rhorer RD,rcl1493,38.0,ALLIGATOR CRACKING
352,POOR,CONCRETE,E Rhorer RD,rcl1493,38.0,WEATHERING
353,POOR,CONCRETE,E Rhorer RD,rcl1493,38.0,ALLIGATOR CRACKING
354,POOR,CONCRETE,E Thornton DR,s4210,61.0,ALLIGATOR CRACKING
355,POOR,CONCRETE,E Thornton DR,s4210,61.0,LONGITUDINAL/TRANSVERSE CRACKING
356,POOR,CONCRETE,E Thornton DR,s4210,61.0,ALLIGATOR CRACKING
357,POOR,CONCRETE,E Thornton DR,s4210,61.0,WEATHERING
358,POOR,CONCRETE,E Thornton DR,s4210,61.0,ALLIGATOR CRACKING
359,POOR,CONCRETE,E Thornton DR,s4210,61.0,ALLIGATOR CRACKING
360,POOR,CONCRETE,E Thornton DR,s4210,61.0,WEATHERING
361,POOR,CONCRETE,E Thornton DR,s4210,61.0,LONGITUDINAL/TRANSVERSE CRACKING
362,POOR,CONCRETE,E Thornton DR,s4210,61.0,WEATHERING
363,POOR,CONCRETE,E Thornton DR,s4210,61.0,LONGITUDINAL/TRANSVERSE CRACKING
364,POOR,CONCRETE,E Thornton DR,s4210,61.0,ALLIGATOR CRACKING
365,POOR,CONCRETE,E Thornton DR,s4210,61.0,ALLIGATOR CRACKING
366,POOR,CONCRETE,E Thornton DR,s4210,61.0,LONGITUDINAL/TRANSVERSE CRACKING
367,POOR,CONCRETE,E Thornton DR,s4210,61.0,ALLIGATOR CRACKING
368,POOR,CONCRETE,E Thornton DR,s4210,61.0,WEATHERING
369,POOR,CONCRETE,E Thornton DR,s4210,61.0,ALLIGATOR CRACKING
370,POOR,CONCRETE,E Thornton DR,s4210,61.0,ALLIGATOR CRACKING
371,POOR,CONCRETE,E Thornton DR,s4210,61.0,WEATHERING
372,POOR,CONCRETE,E Thornton DR,s4210,61.0,LONGITUDINAL/TRANSVERSE CRACKING
373,POOR,CONCRETE,E Thornton DR,s4210,61.0,WEATHERING
374,POOR,CONCRETE,E Thornton DR,s4210,61.0,LONGITUDINAL/TRANSVERSE CRACKING
375,POOR,CONCRETE,E Thornton DR,s4210,61.0,ALLIGATOR CRACKING
376,POOR,CONCRETE,E Thornton DR,s4210,61.0,ALLIGATOR CRACKING
377,POOR,CONCRETE,E Thornton DR,s4210,61.0,LONGITUDINAL/TRANSVERSE CRACKING
378,POOR,CONCRETE,E Thornton DR,s4210,61.0,ALLIGATOR CRACKING
379,POOR,CONCRETE,E Thornton DR,s4210,61.0,WEATHERING
380,POOR,CONCRETE,E Thornton DR,s4210,61.0,ALLIGATOR CRACKING
381,POOR,CONCRETE,E Thornton DR,s4210,61.0,ALLIGATOR CRACKING
382,POOR,CONCRETE,E Thornton DR,s4210,61.0,WEATHERING
383,POOR,CONCRETE,E Thornton DR,s4210,61.0,LONGITUDINAL/TRANSVERSE CRACKING
384,POOR,CONCRETE,E Thornton DR,s4210,61.0,WEATHERING
385,POOR,CONCRETE,E Thornton DR,s4210,61.0,LONGITUDINAL/TRANSVERSE CRACKING
386,POOR,CONCRETE,E Thornton DR,s4210,61.0,ALLIGATOR CRACKING
387,POOR,CONCRETE,E University ST,q4413,73.0,LONGITUDINAL/TRANSVERSE CRACKING
388,POOR,CONCRETE,E University ST,q4413,73.0,LONGITUDINAL/TRANSVERSE CRACKING
389,POOR,CONCRETE,E University ST,q4413,73.0,WEATHERING
390,POOR,CONCRETE,E University ST,q4414,40.0,LONGITUDINAL/TRANSVERSE CRACKING
391,POOR,CONCRETE,E University ST,q4414,40.0,PATCH/UTILITY CUT
392,POOR,CONCRETE,E University ST,q4414,40.0,WEATHERING
393,POOR,CONCRETE,E University ST,q4414,40.0,ALLIGATOR CRACKING
394,POOR,CONCRETE,E University ST,q4414,40.0,ALLIGATOR CRACKING
395,POOR,CONCRETE,E University ST,q4414,40.0,ALLIGATOR CRACKING
396,POOR,CONCRETE,E University ST,q4414,40.0,WEATHERING
397,POOR,CONCRETE,E University ST,q4414,40.0,ALLIGATOR CRACKING
398,POOR,CONCRETE,E University ST,q4414,40.0,PATCH/UTILITY CUT
399,POOR,CONCRETE,E University ST,q4414,40.0,LONGITUDINAL/TRANSVERSE CRACKING
400,POOR,CONCRETE,E University ST,q4414,40.0,LONGITUDINAL/TRANSVERSE CRACKING
401,POOR,CONCRETE,E University ST,q4414,40.0,PATCH/UTILITY CUT
402,POOR,CONCRETE,E University ST,q4414,40.0,WEATHERING
403,POOR,CONCRETE,E University ST,q4414,40.0,ALLIGATOR CRACKING
404,POOR,CONCRETE,E University ST,q4414,40.0,ALLIGATOR CRACKING
405,POOR,CONCRETE,E University ST,q4414,40.0,ALLIGATOR CRACKING
406,POOR,CONCRETE,E University ST,q4414,40.0,WEATHERING
407,POOR,CONCRETE,E University ST,q4414,40.0,ALLIGATOR CRACKING
408,POOR,CONCRETE,E University ST,q4414,40.0,PATCH/UTILITY CUT
409,POOR,CONCRETE,E University ST,q4414,40.0,LONGITUDINAL/TRANSVERSE CRACKING
410,POOR,CONCRETE,E University ST,q4414,40.0,LONGITUDINAL/TRANSVERSE CRACKING
411,POOR,CONCRETE,E University ST,q4414,40.0,PATCH/UTILITY CUT
412,POOR,CONCRETE,E University ST,q4414,40.0,WEATHERING
413,POOR,CONCRETE,E University ST,q4414,40.0,ALLIGATOR CRACKING
414,POOR,CONCRETE,E University ST,q4414,40.0,ALLIGATOR CRACKING
415,POOR,CONCRETE,E University ST,q4414,40.0,ALLIGATOR CRACKING
416,POOR,CONCRETE,E University ST,q4414,40.0,WEATHERING
417,POOR,CONCRETE,E University ST,q4414,40.0,ALLIGATOR CRACKING
418,POOR,CONCRETE,E University ST,q4414,40.0,PATCH/UTILITY CUT
419,POOR,CONCRETE,E University ST,q4414,40.0,LONGITUDINAL/TRANSVERSE CRACKING
420,POOR,CONCRETE,E University ST,q4415,35.0,LONGITUDINAL/TRANSVERSE CRACKING
421,POOR,CONCRETE,E University ST,q4415,35.0,ALLIGATOR CRACKING
422,POOR,CONCRETE,E University ST,q4415,35.0,ALLIGATOR CRACKING
423,POOR,CONCRETE,E University ST,q4415,35.0,WEATHERING
424,POOR,CONCRETE,E University ST,q4415,35.0,LONGITUDINAL/TRANSVERSE CRACKING
425,POOR,CONCRETE,E University ST,q4415,35.0,ALLIGATOR CRACKING
426,POOR,CONCRETE,E University ST,q4415,35.0,ALLIGATOR CRACKING
427,POOR,CONCRETE,E University ST,q4415,35.0,WEATHERING
428,POOR,CONCRETE,E University ST,r4420,66.0,LONGITUDINAL/TRANSVERSE CRACKING
429,POOR,CONCRETE,E University ST,r4420,66.0,LONGITUDINAL/TRANSVERSE CRACKING
430,POOR,CONCRETE,E University ST,r4420,66.0,WEATHERING
431,POOR,CONCRETE,E University ST,r4420,66.0,WEATHERING
432,POOR,CONCRETE,E University ST,r4420,66.0,LONGITUDINAL/TRANSVERSE CRACKING
433,POOR,CONCRETE,E University ST,r4420,66.0,ALLIGATOR CRACKING
434,POOR,CONCRETE,E University ST,r4420,66.0,LONGITUDINAL/TRANSVERSE CRACKING
435,POOR,CONCRETE,E University ST,r4420,66.0,LONGITUDINAL/TRANSVERSE CRACKING
436,POOR,CONCRETE,E University ST,r4420,66.0,LONGITUDINAL/TRANSVERSE CRACKING
437,POOR,CONCRETE,E University ST,r4420,66.0,WEATHERING
438,POOR,CONCRETE,E University ST,r4420,66.0,WEATHERING
439,POOR,CONCRETE,E University ST,r4420,66.0,LONGITUDINAL/TRANSVERSE CRACKING
440,POOR,CONCRETE,E University ST,r4420,66.0,ALLIGATOR CRACKING
441,POOR,CONCRETE,E University ST,r4420,66.0,LONGITUDINAL/TRANSVERSE CRACKING
442,POOR,CONCRETE,E University ST,r4420,66.0,LONGITUDINAL/TRANSVERSE CRACKING
443,POOR,CONCRETE,E University ST,r4420,66.0,LONGITUDINAL/TRANSVERSE CRACKING
444,POOR,CONCRETE,E University ST,r4420,66.0,WEATHERING
445,POOR,CONCRETE,E University ST,r4420,66.0,WEATHERING
446,POOR,CONCRETE,E University ST,r4420,66.0,LONGITUDINAL/TRANSVERSE CRACKING
447,POOR,CONCRETE,E University ST,r4420,66.0,ALLIGATOR CRACKING
448,POOR,CONCRETE,E University ST,r4420,66.0,LONGITUDINAL/TRANSVERSE CRACKING
449,POOR,CONCRETE,E University ST,r4420,66.0,LONGITUDINAL/TRANSVERSE CRACKING
450,POOR,CONCRETE,E University ST,r4420,66.0,LONGITUDINAL/TRANSVERSE CRACKING
451,POOR,CONCRETE,E University ST,r4420,66.0,WEATHERING
452,POOR,CONCRETE,E University ST,r4420,66.0,WEATHERING
453,POOR,CONCRETE,E University ST,r4420,66.0,LONGITUDINAL/TRANSVERSE CRACKING
454,POOR,CONCRETE,E University ST,r4420,66.0,ALLIGATOR CRACKING
455,POOR,CONCRETE,E University ST,r4420,66.0,LONGITUDINAL/TRANSVERSE CRACKING
456,POOR,CONCRETE,E University ST,r4421,67.0,WEATHERING
457,POOR,CONCRETE,E University ST,r4421,67.0,ALLIGATOR CRACKING
458,POOR,CONCRETE,E University ST,r4421,67.0,LONGITUDINAL/TRANSVERSE CRACKING
459,POOR,CONCRETE,E University ST,r4421,67.0,WEATHERING
460,POOR,CONCRETE,E University ST,r4421,67.0,ALLIGATOR CRACKING
461,POOR,CONCRETE,E University ST,r4421,67.0,LONGITUDINAL/TRANSVERSE CRACKING
462,POOR,CONCRETE,E University ST,r4421,67.0,WEATHERING
463,POOR,CONCRETE,E University ST,r4421,67.0,ALLIGATOR CRACKING
464,POOR,CONCRETE,E University ST,r4421,67.0,LONGITUDINAL/TRANSVERSE CRACKING
465,POOR,CONCRETE,E Wellington CT,q3912,50.0,LONGITUDINAL/TRANSVERSE CRACKING
466,POOR,CONCRETE,E Wellington CT,q3912,50.0,ALLIGATOR CRACKING
467,POOR,CONCRETE,E Wellington CT,q3912,50.0,WEATHERING
468,POOR,CONCRETE,E Winston ST,u4221,58.0,WEATHERING
469,POOR,CONCRETE,E Winston ST,u4221,58.0,ALLIGATOR CRACKING
470,POOR,CONCRETE,E Winston ST,u4221,58.0,LONGITUDINAL/TRANSVERSE CRACKING
471,POOR,CONCRETE,E Winston ST,u4221,58.0,ALLIGATOR CRACKING
472,POOR,CONCRETE,E Winston ST,u4221,58.0,ALLIGATOR CRACKING
473,POOR,CONCRETE,E Winston ST,u4221,58.0,PATCH/UTILITY CUT
474,POOR,CONCRETE,E Winston ST,u4221,58.0,WEATHERING
475,POOR,CONCRETE,E Winston ST,u4221,58.0,LONGITUDINAL/TRANSVERSE CRACKING
476,POOR,CONCRETE,N College AVE,q461,82.0,LONGITUDINAL/TRANSVERSE CRACKING
477,POOR,CONCRETE,N College AVE,q461,82.0,WEATHERING
478,POOR,CONCRETE,N College AVE,q461,82.0,ALLIGATOR CRACKING
479,POOR,CONCRETE,N College AVE,q461,82.0,PATCH/UTILITY CUT
480,POOR,CONCRETE,N College AVE,q461,82.0,LONGITUDINAL/TRANSVERSE CRACKING
481,POOR,CONCRETE,N College AVE,q461,82.0,WEATHERING
482,POOR,CONCRETE,N College AVE,q461,82.0,PATCH/UTILITY CUT
483,POOR,CONCRETE,N College AVE,q474,91.0,WEATHERING
484,POOR,CONCRETE,N College AVE,q474,91.0,ALLIGATOR CRACKING
485,POOR,CONCRETE,N College AVE,q4845,80.0,LONGITUDINAL/TRANSVERSE CRACKING
486,POOR,CONCRETE,N College AVE,q4845,80.0,WEATHERING
487,POOR,CONCRETE,N College AVE,q4845,80.0,PATCH/UTILITY CUT
488,POOR,CONCRETE,N College AVE,q4845,80.0,WEATHERING
489,POOR,CONCRETE,N College AVE,q4845,80.0,LONGITUDINAL/TRANSVERSE CRACKING
490,POOR,CONCRETE,N College AVE,q4845,80.0,PATCH/UTILITY CUT
491,POOR,CONCRETE,N College AVE,q4845,80.0,LONGITUDINAL/TRANSVERSE CRACKING
492,POOR,CONCRETE,N College AVE,q4845,80.0,WEATHERING
493,POOR,CONCRETE,N College AVE,q4845,80.0,PATCH/UTILITY CUT
494,POOR,CONCRETE,N College AVE,q4845,80.0,LONGITUDINAL/TRANSVERSE CRACKING
495,POOR,CONCRETE,N College AVE,q4845,80.0,WEATHERING
496,POOR,CONCRETE,N College AVE,q4845,80.0,ALLIGATOR CRACKING
497,POOR,CONCRETE,N Dunn ST,q4726,79.0,LONGITUDINAL/TRANSVERSE CRACKING
498,POOR,CONCRETE,N Dunn ST,q4726,79.0,PATCH/UTILITY CUT
499,POOR,CONCRETE,N Dunn ST,q4726,79.0,LONGITUDINAL/TRANSVERSE CRACKING
500,POOR,CONCRETE,N Dunn ST,q4726,79.0,WEATHERING
501,POOR,CONCRETE,N Fairview ST,p4616,15.0,LONGITUDINAL/TRANSVERSE CRACKING
502,POOR,CONCRETE,N Fairview ST,p4616,15.0,ALLIGATOR CRACKING
503,POOR,CONCRETE,N Fairview ST,p4616,15.0,WEATHERING
504,POOR,CONCRETE,N Fairview ST,p4616,15.0,LONGITUDINAL/TRANSVERSE CRACKING
505,POOR,CONCRETE,N Fairview ST,p4616,15.0,ALLIGATOR CRACKING
506,POOR,CONCRETE,N Fairview ST,p4616,15.0,WEATHERING
508,POOR,CONCRETE,N Grant ST,q4544,53.0,ALLIGATOR CRACKING
509,POOR,CONCRETE,N Grant ST,q4544,53.0,WEATHERING
510,POOR,CONCRETE,N Grant ST,q4544,53.0,BLOCK CRACKING
511,POOR,CONCRETE,N Grant ST,q4544,53.0,BLOCK CRACKING
512,POOR,CONCRETE,N Grant ST,q4544,53.0,ALLIGATOR CRACKING
513,POOR,CONCRETE,N Grant ST,q4544,53.0,WEATHERING
514,POOR,CONCRETE,N Grant ST,q4544,53.0,BLOCK CRACKING
515,POOR,CONCRETE,N Grant ST,q4544,53.0,BLOCK CRACKING
516,POOR,CONCRETE,N Grant ST,q4545,71.0,ALLIGATOR CRACKING
517,POOR,CONCRETE,N Grant ST,q4545,71.0,WEATHERING
518,POOR,CONCRETE,N Grant ST,q4545,71.0,LONGITUDINAL/TRANSVERSE CRACKING
519,POOR,CONCRETE,N Grant ST,q4631,70.0,LONGITUDINAL/TRANSVERSE CRACKING
520,POOR,CONCRETE,N Grant ST,q4631,70.0,LONGITUDINAL/TRANSVERSE CRACKING
521,POOR,CONCRETE,N Grant ST,q4631,70.0,WEATHERING
522,POOR,CONCRETE,N Grant ST,q4631,70.0,ALLIGATOR CRACKING
523,POOR,CONCRETE,N Grant ST,q4634,76.0,LONGITUDINAL/TRANSVERSE CRACKING
524,POOR,CONCRETE,N Grant ST,q4634,76.0,ALLIGATOR CRACKING
525,POOR,CONCRETE,N Grant ST,q4634,76.0,WEATHERING
526,POOR,CONCRETE,N Grant ST,q4634,76.0,LONGITUDINAL/TRANSVERSE CRACKING
527,POOR,CONCRETE,N Grant ST,q4634,76.0,ALLIGATOR CRACKING
528,POOR,CONCRETE,N Grant ST,q4634,76.0,WEATHERING
529,POOR,CONCRETE,N Grant ST,q4732,72.0,PATCH/UTILITY CUT
530,POOR,CONCRETE,N Grant ST,q4732,72.0,LONGITUDINAL/TRANSVERSE CRACKING
531,POOR,CONCRETE,N Grant ST,q4732,72.0,WEATHERING
532,POOR,CONCRETE,N Jackson ST,p4756,18.0,ALLIGATOR CRACKING
533,POOR,CONCRETE,N Jackson ST,p4756,18.0,EDGE CRACKING
534,POOR,CONCRETE,N Jackson ST,p4756,18.0,WEATHERING
535,POOR,CONCRETE,N Jackson ST,p4756,18.0,BLOCK CRACKING
536,POOR,CONCRETE,N Jackson ST,p4756,18.0,RUTTING
537,POOR,CONCRETE,N Jackson ST,p4757,55.0,ALLIGATOR CRACKING
538,POOR,CONCRETE,N Jackson ST,p4757,55.0,LONGITUDINAL/TRANSVERSE CRACKING
539,POOR,CONCRETE,N Jackson ST,p4757,55.0,WEATHERING
540,POOR,CONCRETE,N Jackson ST,p4757,55.0,ALLIGATOR CRACKING
541,POOR,CONCRETE,N Jackson ST,p4757,55.0,LONGITUDINAL/TRANSVERSE CRACKING
542,POOR,CONCRETE,N Jackson ST,p4757,55.0,WEATHERING
543,POOR,CONCRETE,N Jackson ST,p4757,55.0,ALLIGATOR CRACKING
544,POOR,CONCRETE,N Jackson ST,p4757,55.0,LONGITUDINAL/TRANSVERSE CRACKING
545,POOR,CONCRETE,N Jackson ST,p4757,55.0,PATCH/UTILITY CUT
546,POOR,CONCRETE,N Jordan AVE,r4623,71.0,LONGITUDINAL/TRANSVERSE CRACKING
547,POOR,CONCRETE,N Jordan AVE,r4623,71.0,WEATHERING
548,POOR,CONCRETE,N Jordan AVE,r4623,71.0,RAVELING
549,POOR,CONCRETE,N Jordan AVE,r4623,71.0,BLOCK CRACKING
550,POOR,CONCRETE,N Jordan AVE,r4623,71.0,ALLIGATOR CRACKING
551,POOR,CONCRETE,N Jordan AVE,r4623,71.0,BLOCK CRACKING
552,POOR,CONCRETE,N Jordan AVE,r4623,71.0,LONGITUDINAL/TRANSVERSE CRACKING
553,POOR,CONCRETE,N Jordan AVE,r4623,71.0,WEATHERING
554,POOR,CONCRETE,N Jordan AVE,r4623,71.0,ALLIGATOR CRACKING
555,POOR,CONCRETE,N Jordan AVE,r4623,71.0,WEATHERING
556,POOR,CONCRETE,N Jordan AVE,r4623,71.0,LONGITUDINAL/TRANSVERSE CRACKING
557,POOR,CONCRETE,N Jordan AVE,r4623,71.0,ALLIGATOR CRACKING
558,POOR,CONCRETE,N Jordan AVE,r4623,71.0,LONGITUDINAL/TRANSVERSE CRACKING
559,POOR,CONCRETE,N Kinser PIKE,o529,81.0,LONGITUDINAL/TRANSVERSE CRACKING
560,POOR,CONCRETE,N Kinser PIKE,o529,81.0,WEATHERING
561,POOR,CONCRETE,N Kinser PIKE,o529,81.0,ALLIGATOR CRACKING
562,POOR,CONCRETE,N Kinser PIKE,o529,81.0,ALLIGATOR CRACKING
563,POOR,CONCRETE,N Kinser PIKE,o529,81.0,PATCH/UTILITY CUT
564,POOR,CONCRETE,N Kinser PIKE,o529,81.0,LONGITUDINAL/TRANSVERSE CRACKING
565,POOR,CONCRETE,N Kinser PIKE,o529,81.0,WEATHERING
566,POOR,CONCRETE,N Kinser PIKE,o529,81.0,WEATHERING
567,POOR,CONCRETE,N Kinser PIKE,o529,81.0,LONGITUDINAL/TRANSVERSE CRACKING
568,POOR,CONCRETE,N Kinser PIKE,o529,81.0,ALLIGATOR CRACKING
569,POOR,CONCRETE,N Kinser PIKE,o529,81.0,LONGITUDINAL/TRANSVERSE CRACKING
570,POOR,CONCRETE,N Kinser PIKE,o529,81.0,WEATHERING
571,POOR,CONCRETE,N Lincoln ST,q4721,51.0,WEATHERING
572,POOR,CONCRETE,N Lincoln ST,q4721,51.0,BLOCK CRACKING
573,POOR,CONCRETE,N Lincoln ST,q4721,51.0,ALLIGATOR CRACKING
574,POOR,CONCRETE,N Lincoln ST,q4721,51.0,WEATHERING
575,POOR,CONCRETE,N Lincoln ST,q4721,51.0,BLOCK CRACKING
576,POOR,CONCRETE,N Lincoln ST,q4721,51.0,ALLIGATOR CRACKING
577,POOR,CONCRETE,N Madison ST,p4760,49.0,BLOCK CRACKING
578,POOR,CONCRETE,N Madison ST,p4760,49.0,ALLIGATOR CRACKING
579,POOR,CONCRETE,N Madison ST,p4760,49.0,WEATHERING
580,POOR,CONCRETE,N Madison ST,p4761,48.0,WEATHERING
581,POOR,CONCRETE,N Madison ST,p4761,48.0,BLOCK CRACKING
582,POOR,CONCRETE,N Madison ST,p4761,48.0,PATCH/UTILITY CUT
583,POOR,CONCRETE,N Madison ST,p4761,48.0,ALLIGATOR CRACKING
584,POOR,CONCRETE,N Madison ST,p4762,49.0,BLOCK CRACKING
585,POOR,CONCRETE,N Madison ST,p4762,49.0,PATCH/UTILITY CUT
586,POOR,CONCRETE,N Madison ST,p4762,49.0,ALLIGATOR CRACKING
587,POOR,CONCRETE,N Madison ST,p4762,49.0,WEATHERING
588,POOR,CONCRETE,N Madison ST,p4762,49.0,BLOCK CRACKING
589,POOR,CONCRETE,N Madison ST,p4762,49.0,PATCH/UTILITY CUT
590,POOR,CONCRETE,N Madison ST,p4762,49.0,ALLIGATOR CRACKING
591,POOR,CONCRETE,N Madison ST,p4762,49.0,WEATHERING
592,POOR,CONCRETE,N Madison ST,p4763,54.0,WEATHERING
593,POOR,CONCRETE,N Madison ST,p4763,54.0,RUTTING
594,POOR,CONCRETE,N Madison ST,p4763,54.0,ALLIGATOR CRACKING
595,POOR,CONCRETE,N Madison ST,p4763,54.0,PATCH/UTILITY CUT
596,POOR,CONCRETE,N Madison ST,p4763,54.0,LONGITUDINAL/TRANSVERSE CRACKING
597,POOR,CONCRETE,N Madison ST,p4763,54.0,LONGITUDINAL/TRANSVERSE CRACKING
598,POOR,CONCRETE,N Madison ST,p4764,54.0,WEATHERING
599,POOR,CONCRETE,N Madison ST,p4764,54.0,RUTTING
600,POOR,CONCRETE,N Madison ST,p4764,54.0,ALLIGATOR CRACKING
601,POOR,CONCRETE,N Madison ST,p4764,54.0,ALLIGATOR CRACKING
602,POOR,CONCRETE,N Madison ST,p4764,54.0,LONGITUDINAL/TRANSVERSE CRACKING
603,POOR,CONCRETE,N Madison ST,p4764,54.0,WEATHERING
604,POOR,CONCRETE,N Madison ST,p4764,54.0,RUTTING
605,POOR,CONCRETE,N Madison ST,p4764,54.0,ALLIGATOR CRACKING
606,POOR,CONCRETE,N Madison ST,p4764,54.0,ALLIGATOR CRACKING
607,POOR,CONCRETE,N Madison ST,p4764,54.0,LONGITUDINAL/TRANSVERSE CRACKING
608,POOR,BRICK,N Maple ST,p45194,61.0,LONGITUDINAL/TRANSVERSE CRACKING
609,POOR,BRICK,N Maple ST,p45194,61.0,PATCH/UTILITY CUT
610,POOR,BRICK,N Maple ST,p45194,61.0,ALLIGATOR CRACKING
611,POOR,BRICK,N Maple ST,p45194,61.0,WEATHERING
612,POOR,CONCRETE,N Maple ST,p4656,74.0,ALLIGATOR CRACKING
613,POOR,CONCRETE,N Maple ST,p4656,74.0,WEATHERING
614,POOR,CONCRETE,N Maple ST,p4656,74.0,PATCH/UTILITY CUT
615,POOR,CONCRETE,N Maple ST,p4656,74.0,LONGITUDINAL/TRANSVERSE CRACKING
616,POOR,CONCRETE,N Maple ST,p4656,74.0,ALLIGATOR CRACKING
617,POOR,CONCRETE,N Maple ST,p4656,74.0,WEATHERING
618,POOR,CONCRETE,N Maple ST,p4656,74.0,PATCH/UTILITY CUT
619,POOR,CONCRETE,N Maple ST,p4656,74.0,LONGITUDINAL/TRANSVERSE CRACKING
620,POOR,CONCRETE,N Morton ST,p45143,95.0,WEATHERING
621,POOR,CONCRETE,N Old State Road 37,q4836,38.0,LARGE PATCH/UTILITY CUT
622,POOR,CONCRETE,N Old State Road 37,q4836,38.0,LONGITUDINAL/TRANSVERSE CRACKING
623,POOR,CONCRETE,N Old State Road 37,q4836,38.0,SHRINKAGE CRACKING
624,POOR,CONCRETE,N Old State Road 37,q4836,38.0,ALLIGATOR CRACKING
625,POOR,CONCRETE,N Old State Road 37,q4836,38.0,ALLIGATOR CRACKING
626,POOR,CONCRETE,N Old State Road 37,q4836,38.0,JOINT SPALLING
627,POOR,CONCRETE,N Old State Road 37,q4836,38.0,LINEAR CRACKING
628,POOR,CONCRETE,N Old State Road 37,q4836,38.0,LONGITUDINAL/TRANSVERSE CRACKING
629,POOR,CONCRETE,N Old State Road 37,q4836,38.0,BLOCK CRACKING
630,POOR,CONCRETE,N Old State Road 37,q4836,38.0,WEATHERING
631,POOR,CONCRETE,N Old State Road 37,q4836,38.0,BLOCK CRACKING
632,POOR,CONCRETE,N Old State Road 37,q4836,38.0,ALLIGATOR CRACKING
633,POOR,CONCRETE,N Old State Road 37,q4836,38.0,POTHOLE
634,POOR,CONCRETE,N Old State Road 37,q4836,38.0,WEATHERING
635,POOR,CONCRETE,N Park AVE,r461,74.0,ALLIGATOR CRACKING
636,POOR,CONCRETE,N Park AVE,r461,74.0,WEATHERING
637,POOR,CONCRETE,N Park AVE,r461,74.0,LONGITUDINAL/TRANSVERSE CRACKING
638,POOR,CONCRETE,N Park AVE,r461,74.0,ALLIGATOR CRACKING
639,POOR,CONCRETE,N Park AVE,r461,74.0,WEATHERING
640,POOR,CONCRETE,N Park AVE,r461,74.0,LONGITUDINAL/TRANSVERSE CRACKING
641,POOR,CONCRETE,N Park AVE,r462,71.0,LONGITUDINAL/TRANSVERSE CRACKING
642,POOR,CONCRETE,N Park AVE,r462,71.0,ALLIGATOR CRACKING
643,POOR,CONCRETE,N Park AVE,r462,71.0,WEATHERING
646,POOR,CONCRETE,N Park AVE,r4730,65.0,WEATHERING
647,POOR,CONCRETE,N Park AVE,r4730,65.0,LONGITUDINAL/TRANSVERSE CRACKING
648,POOR,CONCRETE,N Park AVE,r4730,65.0,ALLIGATOR CRACKING
649,POOR,CONCRETE,N Plymouth CT,v4730,33.0,LONGITUDINAL/TRANSVERSE CRACKING
650,POOR,CONCRETE,N Plymouth CT,v4730,33.0,ALLIGATOR CRACKING
651,POOR,CONCRETE,N Plymouth CT,v4730,33.0,ALLIGATOR CRACKING
652,POOR,CONCRETE,N Plymouth CT,v4730,33.0,WEATHERING
653,POOR,CONCRETE,N Plymouth CT,v4730,33.0,BLOCK CRACKING
654,POOR,CONCRETE,N Plymouth CT,v4730,33.0,PATCH/UTILITY CUT
655,POOR,CONCRETE,N Ramble RD W,q5213,54.0,WEATHERING
656,POOR,CONCRETE,N Ramble RD W,q5213,54.0,ALLIGATOR CRACKING
657,POOR,CONCRETE,N Ramble RD W,q5213,54.0,PATCH/UTILITY CUT
658,POOR,CONCRETE,N Ramble RD W,q5215,38.0,WEATHERING
659,POOR,CONCRETE,N Ramble RD W,q5215,38.0,PATCH/UTILITY CUT
660,POOR,CONCRETE,N Ramble RD W,q5215,38.0,BLOCK CRACKING
661,POOR,CONCRETE,N Ramble RD W,q5215,38.0,BLOCK CRACKING
662,POOR,CONCRETE,N Ramble RD W,q5215,38.0,ALLIGATOR CRACKING
663,POOR,CONCRETE,N Ramble RD W,q5216,40.0,LONGITUDINAL/TRANSVERSE CRACKING
664,POOR,CONCRETE,N Ramble RD W,q5216,40.0,LONGITUDINAL/TRANSVERSE CRACKING
665,POOR,CONCRETE,N Ramble RD W,q5216,40.0,PATCH/UTILITY CUT
666,POOR,CONCRETE,N Ramble RD W,q5216,40.0,WEATHERING
667,POOR,CONCRETE,N Ramble RD W,q5216,40.0,ALLIGATOR CRACKING
668,POOR,CONCRETE,N Ramble RD W,q5217,53.0,ALLIGATOR CRACKING
669,POOR,CONCRETE,N Ramble RD W,q5217,53.0,LONGITUDINAL/TRANSVERSE CRACKING
670,POOR,CONCRETE,N Ramble RD W,q5217,53.0,LONGITUDINAL/TRANSVERSE CRACKING
671,POOR,CONCRETE,N Ramble RD W,q5217,53.0,WEATHERING
672,POOR,CONCRETE,N Ramble RD W,q5217,53.0,LONGITUDINAL/TRANSVERSE CRACKING
673,POOR,CONCRETE,N Ramble RD W,q5217,53.0,PATCH/UTILITY CUT
674,POOR,CONCRETE,N Ramble RD W,q5217,53.0,PATCH/UTILITY CUT
675,POOR,CONCRETE,N Ramble RD W,q5217,53.0,LONGITUDINAL/TRANSVERSE CRACKING
676,POOR,CONCRETE,N Ramble RD W,q5217,53.0,ALLIGATOR CRACKING
677,POOR,CONCRETE,N Ramble RD W,q5217,53.0,WEATHERING
678,POOR,CONCRETE,N Smith RD,v4640,81.0,LONGITUDINAL/TRANSVERSE CRACKING
679,POOR,CONCRETE,N Smith RD,v4640,81.0,WEATHERING
680,POOR,CONCRETE,N Smith RD,v4640,81.0,LONGITUDINAL/TRANSVERSE CRACKING
681,POOR,CONCRETE,N Smith RD,v4640,81.0,WEATHERING
682,POOR,CONCRETE,N Smith RD,v4640,81.0,ALLIGATOR CRACKING
683,POOR,CONCRETE,N Smith RD,v4640,81.0,LONGITUDINAL/TRANSVERSE CRACKING
684,POOR,CONCRETE,N Smith RD,v4640,81.0,WEATHERING
685,POOR,CONCRETE,N Smith RD,v4640,81.0,WEATHERING
686,POOR,CONCRETE,N Smith RD,v4640,81.0,ALLIGATOR CRACKING
687,POOR,CONCRETE,N Smith RD,v4640,81.0,LONGITUDINAL/TRANSVERSE CRACKING
688,POOR,CONCRETE,N Smith RD,v4640,81.0,PATCH/UTILITY CUT
689,POOR,CONCRETE,N Smith RD,v4640,81.0,LONGITUDINAL/TRANSVERSE CRACKING
690,POOR,CONCRETE,N Smith RD,v4640,81.0,PATCH/UTILITY CUT
691,POOR,CONCRETE,N Smith RD,v4640,81.0,WEATHERING
692,POOR,CONCRETE,N Summit ST,o4619,72.0,LONGITUDINAL/TRANSVERSE CRACKING
693,POOR,CONCRETE,N Summit ST,o4619,72.0,ALLIGATOR CRACKING
694,POOR,CONCRETE,N Summit ST,o4619,72.0,WEATHERING
695,POOR,CONCRETE,N Summit ST,rcl458,72.0,LONGITUDINAL/TRANSVERSE CRACKING
696,POOR,CONCRETE,N Summit ST,rcl458,72.0,ALLIGATOR CRACKING
697,POOR,CONCRETE,N Summit ST,rcl458,72.0,WEATHERING
698,POOR,CONCRETE,N Union ST,s4622,49.0,ALLIGATOR CRACKING
699,POOR,CONCRETE,N Union ST,s4622,49.0,LONGITUDINAL/TRANSVERSE CRACKING
700,POOR,CONCRETE,N Union ST,s4622,49.0,ALLIGATOR CRACKING
701,POOR,CONCRETE,N Union ST,s4622,49.0,ALLIGATOR CRACKING
702,POOR,CONCRETE,N Union ST,s4622,49.0,WEATHERING
703,POOR,CONCRETE,N Union ST,s4622,49.0,BLOCK CRACKING
704,POOR,CONCRETE,N Union ST,s4622,49.0,PATCH/UTILITY CUT
705,POOR,CONCRETE,N Union ST,s4622,49.0,WEATHERING
706,POOR,CONCRETE,N Union ST,s4622,49.0,BLOCK CRACKING
707,POOR,CONCRETE,N Union ST,s4622,49.0,BLOCK CRACKING
708,POOR,CONCRETE,N Union ST,s4622,49.0,ALLIGATOR CRACKING
709,POOR,CONCRETE,N Union ST,s4622,49.0,PATCH/UTILITY CUT
710,POOR,CONCRETE,N Union ST,s4622,49.0,ALLIGATOR CRACKING
711,POOR,CONCRETE,N Union ST,s4622,49.0,PATCH/UTILITY CUT
712,POOR,CONCRETE,N Union ST,s4622,49.0,ALLIGATOR CRACKING
713,POOR,CONCRETE,N Union ST,s4622,49.0,WEATHERING
714,POOR,CONCRETE,N Union ST,s4622,49.0,BLOCK CRACKING
715,POOR,CONCRETE,N Union ST,s4622,49.0,ALLIGATOR CRACKING
716,POOR,CONCRETE,N Union ST,s4622,49.0,WEATHERING
717,POOR,CONCRETE,N Union ST,s4622,49.0,BLOCK CRACKING
718,POOR,CONCRETE,N Washington ST,q4713,69.0,WEATHERING
719,POOR,CONCRETE,N Washington ST,q4713,69.0,LONGITUDINAL/TRANSVERSE CRACKING
720,POOR,CONCRETE,N Washington ST,q4713,69.0,LONGITUDINAL/TRANSVERSE CRACKING
721,POOR,CONCRETE,N Washington ST,q4713,69.0,PATCH/UTILITY CUT
722,POOR,CONCRETE,N Washington ST,q4713,69.0,ALLIGATOR CRACKING
723,POOR,CONCRETE,N Woodlawn AVE,r466,60.0,ALLIGATOR CRACKING
724,POOR,CONCRETE,N Woodlawn AVE,r466,60.0,POTHOLE
725,POOR,CONCRETE,N Woodlawn AVE,r466,60.0,ALLIGATOR CRACKING
726,POOR,CONCRETE,N Woodlawn AVE,r466,60.0,LONGITUDINAL/TRANSVERSE CRACKING
727,POOR,CONCRETE,N Woodlawn AVE,r466,60.0,WEATHERING
728,POOR,CONCRETE,N Woodlawn AVE,r466,60.0,ALLIGATOR CRACKING
729,POOR,CONCRETE,N Woodlawn AVE,r466,60.0,POTHOLE
730,POOR,CONCRETE,N Woodlawn AVE,r466,60.0,ALLIGATOR CRACKING
731,POOR,CONCRETE,N Woodlawn AVE,r466,60.0,LONGITUDINAL/TRANSVERSE CRACKING
732,POOR,CONCRETE,N Woodlawn AVE,r466,60.0,WEATHERING
733,POOR,CONCRETE,S Abby LN,s398,34.0,LONGITUDINAL/TRANSVERSE CRACKING
734,POOR,CONCRETE,S Abby LN,s398,34.0,WEATHERING
735,POOR,CONCRETE,S Abby LN,s398,34.0,ALLIGATOR CRACKING
736,POOR,CONCRETE,S Abby LN,s398,34.0,LONGITUDINAL/TRANSVERSE CRACKING
737,POOR,CONCRETE,S Abby LN,s398,34.0,WEATHERING
738,POOR,CONCRETE,S Abby LN,s398,34.0,ALLIGATOR CRACKING
739,POOR,CONCRETE,S Allendale DR,r3979,91.0,ALLIGATOR CRACKING
740,POOR,CONCRETE,S Allendale DR,r3979,91.0,WEATHERING
741,POOR,CONCRETE,S Allendale DR,r3979,91.0,ALLIGATOR CRACKING
742,POOR,CONCRETE,S Allendale DR,r3979,91.0,WEATHERING
743,POOR,CONCRETE,S Andrew CIR,rcl1353,63.0,LONGITUDINAL/TRANSVERSE CRACKING
744,POOR,CONCRETE,S Andrew CIR,rcl1353,63.0,PATCH/UTILITY CUT
745,POOR,CONCRETE,S Andrew CIR,rcl1353,63.0,ALLIGATOR CRACKING
746,POOR,CONCRETE,S Andrew CIR,rcl1353,63.0,WEATHERING
747,POOR,CONCRETE,S Andrew CIR,rcl1353,63.0,ALLIGATOR CRACKING
748,POOR,CONCRETE,S Andrew CIR,rcl1353,63.0,ALLIGATOR CRACKING
749,POOR,CONCRETE,S Bainbridge DR,r3964,25.0,WEATHERING
750,POOR,CONCRETE,S Bainbridge DR,r3964,25.0,BLOCK CRACKING
751,POOR,CONCRETE,S Bainbridge DR,r3964,25.0,ALLIGATOR CRACKING
752,POOR,CONCRETE,S Bainbridge DR,r3964,25.0,WEATHERING
753,POOR,CONCRETE,S Bainbridge DR,r3964,25.0,BLOCK CRACKING
754,POOR,CONCRETE,S Bainbridge DR,r3964,25.0,ALLIGATOR CRACKING
755,POOR,CONCRETE,S Ballantine RD,r4465,66.0,WEATHERING
756,POOR,CONCRETE,S Ballantine RD,r4465,66.0,ALLIGATOR CRACKING
757,POOR,CONCRETE,S Ballantine RD,r4465,66.0,PATCH/UTILITY CUT
758,POOR,CONCRETE,S Ballantine RD,r4465,66.0,WEATHERING
759,POOR,CONCRETE,S Ballantine RD,r4465,66.0,ALLIGATOR CRACKING
760,POOR,CONCRETE,S Ballantine RD,r4465,66.0,PATCH/UTILITY CUT
761,POOR,CONCRETE,S Basswood DR,m439,91.0,WEATHERING
762,POOR,CONCRETE,S Basswood DR,m439,91.0,LONGITUDINAL/TRANSVERSE CRACKING
763,POOR,CONCRETE,S Bradshire CT,s397,35.0,ALLIGATOR CRACKING
764,POOR,CONCRETE,S Bradshire CT,s397,35.0,WEATHERING
765,POOR,CONCRETE,S Bradshire CT,s397,35.0,LONGITUDINAL/TRANSVERSE CRACKING
766,POOR,CONCRETE,S Browning PL,s396,61.0,WEATHERING
767,POOR,CONCRETE,S Browning PL,s396,61.0,LONGITUDINAL/TRANSVERSE CRACKING
768,POOR,CONCRETE,S College AVE,q4563,69.0,PATCH/UTILITY CUT
769,POOR,CONCRETE,S College AVE,q4563,69.0,ALLIGATOR CRACKING
770,POOR,CONCRETE,S College AVE,q4563,69.0,WEATHERING
771,POOR,CONCRETE,S College AVE,q4563,69.0,BLOCK CRACKING
772,POOR,CONCRETE,S College Mall RD,t4352,55.0,BLOCK CRACKING
773,POOR,CONCRETE,S College Mall RD,t4352,55.0,WEATHERING
774,POOR,CONCRETE,S College Mall RD,t4352,55.0,LONGITUDINAL/TRANSVERSE CRACKING
775,POOR,CONCRETE,S College Mall RD,t4352,55.0,ALLIGATOR CRACKING
776,POOR,CONCRETE,S College Mall RD,t4352,55.0,BLOCK CRACKING
777,POOR,CONCRETE,S College Mall RD,t4352,55.0,WEATHERING
778,POOR,CONCRETE,S College Mall RD,t4352,55.0,ALLIGATOR CRACKING
779,POOR,CONCRETE,S College Mall RD,t4352,55.0,LONGITUDINAL/TRANSVERSE CRACKING
780,POOR,CONCRETE,S College Mall RD,t4352,55.0,BLOCK CRACKING
781,POOR,CONCRETE,S College Mall RD,t4352,55.0,WEATHERING
782,POOR,CONCRETE,S College Mall RD,t4352,55.0,ALLIGATOR CRACKING
783,POOR,CONCRETE,S College Mall RD,t4352,55.0,PATCH/UTILITY CUT
784,POOR,CONCRETE,S College Mall RD,t4352,55.0,LONGITUDINAL/TRANSVERSE CRACKING
785,POOR,CONCRETE,S Cory LN,rcl1413,85.0,WEATHERING
786,POOR,CONCRETE,S Davisson ST,p458,59.0,ALLIGATOR CRACKING
787,POOR,CONCRETE,S Davisson ST,p458,59.0,LONGITUDINAL/TRANSVERSE CRACKING
788,POOR,CONCRETE,S Davisson ST,p458,59.0,WEATHERING
789,POOR,CONCRETE,S Davisson ST,p458,59.0,LONGITUDINAL/TRANSVERSE CRACKING
790,POOR,CONCRETE,S Davisson ST,p458,59.0,LONGITUDINAL/TRANSVERSE CRACKING
791,POOR,CONCRETE,S Davisson ST,p458,59.0,ALLIGATOR CRACKING
792,POOR,CONCRETE,S Davisson ST,p458,59.0,WEATHERING
793,POOR,CONCRETE,S Davisson ST,p458,59.0,ALLIGATOR CRACKING
794,POOR,CONCRETE,S Davisson ST,p458,59.0,ALLIGATOR CRACKING
795,POOR,CONCRETE,S Davisson ST,p458,59.0,LONGITUDINAL/TRANSVERSE CRACKING
796,POOR,CONCRETE,S Davisson ST,p458,59.0,WEATHERING
797,POOR,CONCRETE,S Davisson ST,p458,59.0,LONGITUDINAL/TRANSVERSE CRACKING
798,POOR,CONCRETE,S Davisson ST,p458,59.0,LONGITUDINAL/TRANSVERSE CRACKING
799,POOR,CONCRETE,S Davisson ST,p458,59.0,ALLIGATOR CRACKING
800,POOR,CONCRETE,S Davisson ST,p458,59.0,WEATHERING
801,POOR,CONCRETE,S Davisson ST,p458,59.0,ALLIGATOR CRACKING
802,POOR,CONCRETE,S Dunn ST,q4527,35.0,BLOCK CRACKING
803,POOR,CONCRETE,S Dunn ST,q4527,35.0,WEATHERING
804,POOR,CONCRETE,S Dunn ST,q4527,35.0,PATCH/UTILITY CUT
805,POOR,CONCRETE,S Dunn ST,q4527,35.0,ALLIGATOR CRACKING
806,POOR,CONCRETE,S Dunn ST,q4527,35.0,ALLIGATOR CRACKING
807,POOR,CONCRETE,S Dunstan DR,r3973,76.0,LONGITUDINAL/TRANSVERSE CRACKING
808,POOR,CONCRETE,S Dunstan DR,r3973,76.0,WEATHERING
809,POOR,CONCRETE,S Dunstan DR,r3973,76.0,RAVELING
810,POOR,CONCRETE,S Dunstan DR,r3973,76.0,ALLIGATOR CRACKING
811,POOR,CONCRETE,S Dunstan DR,r3973,76.0,PATCH/UTILITY CUT
812,POOR,CONCRETE,S Dunstan DR,r3973,76.0,LONGITUDINAL/TRANSVERSE CRACKING
813,POOR,CONCRETE,S Dunstan DR,r3973,76.0,WEATHERING
814,POOR,CONCRETE,S Dunstan DR,r3973,76.0,LONGITUDINAL/TRANSVERSE CRACKING
815,POOR,CONCRETE,S Dunstan DR,r3973,76.0,WEATHERING
816,POOR,CONCRETE,S Dunstan DR,r3973,76.0,RAVELING
817,POOR,CONCRETE,S Dunstan DR,r3973,76.0,ALLIGATOR CRACKING
818,POOR,CONCRETE,S Dunstan DR,r3973,76.0,PATCH/UTILITY CUT
819,POOR,CONCRETE,S Dunstan DR,r3973,76.0,LONGITUDINAL/TRANSVERSE CRACKING
820,POOR,CONCRETE,S Dunstan DR,r3973,76.0,WEATHERING
821,POOR,CONCRETE,S Eastside DR,s449,39.0,LONGITUDINAL/TRANSVERSE CRACKING
822,POOR,CONCRETE,S Eastside DR,s449,39.0,LONGITUDINAL/TRANSVERSE CRACKING
823,POOR,CONCRETE,S Eastside DR,s449,39.0,ALLIGATOR CRACKING
824,POOR,CONCRETE,S Eastside DR,s449,39.0,WEATHERING
825,POOR,CONCRETE,S Eastside DR,s449,39.0,PATCH/UTILITY CUT
826,POOR,CONCRETE,S Elm ST,p45198,75.0,CORNER SPALLING
827,POOR,CONCRETE,S Elm ST,p45198,75.0,LINEAR CRACKING
828,POOR,CONCRETE,S Elm ST,p45198,75.0,SHRINKAGE CRACKING
829,POOR,CONCRETE,S Elm ST,p45198,75.0,CORNER SPALLING
830,POOR,CONCRETE,S Elm ST,p45198,75.0,LARGE PATCH/UTILITY CUT
831,POOR,CONCRETE,S Elm ST,p45198,75.0,JOINT SPALLING
832,POOR,PAVER,S Euclid AVE,p4527,61.0,LONGITUDINAL/TRANSVERSE CRACKING
833,POOR,PAVER,S Euclid AVE,p4527,61.0,WEATHERING
834,POOR,PAVER,S Euclid AVE,p4527,61.0,ALLIGATOR CRACKING
835,POOR,PAVER,S Euclid AVE,p4527,61.0,ALLIGATOR CRACKING
836,POOR,PAVER,S Fairview ST,p4532,77.0,PATCH/UTILITY CUT
837,POOR,PAVER,S Fairview ST,p4532,77.0,LONGITUDINAL/TRANSVERSE CRACKING
838,POOR,PAVER,S Fairview ST,p4532,77.0,WEATHERING
839,POOR,PAVER,S Fairview ST,p4532,77.0,WEATHERING
840,POOR,PAVER,S Fairview ST,p4532,77.0,ALLIGATOR CRACKING
841,POOR,PAVER,S Fairview ST,p4532,77.0,LONGITUDINAL/TRANSVERSE CRACKING
842,POOR,CONCRETE,S Fairview ST,p4533,87.0,PATCH/UTILITY CUT
843,POOR,CONCRETE,S Fairview ST,p4533,87.0,LONGITUDINAL/TRANSVERSE CRACKING
844,POOR,CONCRETE,S Fairview ST,p4533,87.0,WEATHERING
845,POOR,CONCRETE,S Fess AVE,q4481,62.0,ALLIGATOR CRACKING
846,POOR,CONCRETE,S Fess AVE,q4481,62.0,LONGITUDINAL/TRANSVERSE CRACKING
847,POOR,CONCRETE,S Fess AVE,q4481,62.0,LONGITUDINAL/TRANSVERSE CRACKING
848,POOR,CONCRETE,S Fess AVE,q4481,62.0,WEATHERING
849,POOR,CONCRETE,S Fess AVE,q4481,62.0,ALLIGATOR CRACKING
850,POOR,CONCRETE,S Fess AVE,q4481,62.0,LONGITUDINAL/TRANSVERSE CRACKING
851,POOR,CONCRETE,S Fess AVE,q4481,62.0,LONGITUDINAL/TRANSVERSE CRACKING
852,POOR,CONCRETE,S Fess AVE,q4481,62.0,WEATHERING
853,POOR,CONCRETE,S Franklin RD,m4536,47.0,ALLIGATOR CRACKING
854,POOR,CONCRETE,S Franklin RD,m4536,47.0,BLOCK CRACKING
855,POOR,CONCRETE,S Franklin RD,m4536,47.0,BLOCK CRACKING
856,POOR,CONCRETE,S Franklin RD,m4536,47.0,POTHOLE
857,POOR,CONCRETE,S Franklin RD,m4536,47.0,WEATHERING
858,POOR,CONCRETE,S Franklin RD,m4536,47.0,ALLIGATOR CRACKING
859,POOR,CONCRETE,S Franklin RD,m4536,47.0,ALLIGATOR CRACKING
860,POOR,CONCRETE,S Franklin RD,m4536,47.0,BLOCK CRACKING
861,POOR,CONCRETE,S Franklin RD,m4536,47.0,POTHOLE
862,POOR,CONCRETE,S Franklin RD,m4536,47.0,WEATHERING
863,POOR,CONCRETE,S Franklin RD,m4536,47.0,ALLIGATOR CRACKING
864,POOR,CONCRETE,S Franklin RD,m4536,47.0,WEATHERING
865,POOR,CONCRETE,S Franklin RD,m4536,47.0,BLOCK CRACKING
866,POOR,CONCRETE,S Franklin RD,m4536,47.0,ALLIGATOR CRACKING
867,POOR,CONCRETE,S Franklin RD,m4536,47.0,WEATHERING
868,POOR,CONCRETE,S Franklin RD,m4536,47.0,ALLIGATOR CRACKING
869,POOR,CONCRETE,S Franklin RD,m4536,47.0,BLOCK CRACKING
870,POOR,CONCRETE,S Franklin RD,m4536,47.0,ALLIGATOR CRACKING
871,POOR,CONCRETE,S Franklin RD,m4536,47.0,BLOCK CRACKING
872,POOR,CONCRETE,S Franklin RD,m4536,47.0,BLOCK CRACKING
873,POOR,CONCRETE,S Franklin RD,m4536,47.0,POTHOLE
874,POOR,CONCRETE,S Franklin RD,m4536,47.0,WEATHERING
875,POOR,CONCRETE,S Franklin RD,m4536,47.0,ALLIGATOR CRACKING
876,POOR,CONCRETE,S Franklin RD,m4536,47.0,ALLIGATOR CRACKING
877,POOR,CONCRETE,S Franklin RD,m4536,47.0,BLOCK CRACKING
878,POOR,CONCRETE,S Franklin RD,m4536,47.0,POTHOLE
879,POOR,CONCRETE,S Franklin RD,m4536,47.0,WEATHERING
880,POOR,CONCRETE,S Franklin RD,m4536,47.0,ALLIGATOR CRACKING
881,POOR,CONCRETE,S Franklin RD,m4536,47.0,WEATHERING
882,POOR,CONCRETE,S Franklin RD,m4536,47.0,BLOCK CRACKING
883,POOR,CONCRETE,S Franklin RD,m4536,47.0,ALLIGATOR CRACKING
884,POOR,CONCRETE,S Franklin RD,m4536,47.0,WEATHERING
885,POOR,CONCRETE,S Franklin RD,m4536,47.0,ALLIGATOR CRACKING
886,POOR,CONCRETE,S Franklin RD,m4536,47.0,BLOCK CRACKING
887,POOR,CONCRETE,S Franklin RD,m4536,47.0,ALLIGATOR CRACKING
888,POOR,CONCRETE,S Franklin RD,m4536,47.0,BLOCK CRACKING
889,POOR,CONCRETE,S Franklin RD,m4536,47.0,BLOCK CRACKING
890,POOR,CONCRETE,S Franklin RD,m4536,47.0,POTHOLE
891,POOR,CONCRETE,S Franklin RD,m4536,47.0,WEATHERING
892,POOR,CONCRETE,S Franklin RD,m4536,47.0,ALLIGATOR CRACKING
893,POOR,CONCRETE,S Franklin RD,m4536,47.0,ALLIGATOR CRACKING
894,POOR,CONCRETE,S Franklin RD,m4536,47.0,BLOCK CRACKING
895,POOR,CONCRETE,S Franklin RD,m4536,47.0,POTHOLE
896,POOR,CONCRETE,S Franklin RD,m4536,47.0,WEATHERING
897,POOR,CONCRETE,S Franklin RD,m4536,47.0,ALLIGATOR CRACKING
898,POOR,CONCRETE,S Franklin RD,m4536,47.0,WEATHERING
899,POOR,CONCRETE,S Franklin RD,m4536,47.0,BLOCK CRACKING
900,POOR,CONCRETE,S Franklin RD,m4536,47.0,ALLIGATOR CRACKING
901,POOR,CONCRETE,S Franklin RD,m4536,47.0,WEATHERING
902,POOR,CONCRETE,S Franklin RD,m4536,47.0,ALLIGATOR CRACKING
903,POOR,CONCRETE,S Franklin RD,m4536,47.0,BLOCK CRACKING
904,POOR,CONCRETE,S Grant ST,q4464,55.0,PATCH/UTILITY CUT
905,POOR,CONCRETE,S Grant ST,q4464,55.0,LONGITUDINAL/TRANSVERSE CRACKING
906,POOR,CONCRETE,S Grant ST,q4464,55.0,WEATHERING
907,POOR,CONCRETE,S Grant ST,q4464,55.0,ALLIGATOR CRACKING
908,POOR,CONCRETE,S Hawthorne DR,r4454,82.0,WEATHERING
909,POOR,CONCRETE,S Hawthorne DR,r4454,82.0,ALLIGATOR CRACKING
910,POOR,CONCRETE,S Hawthorne DR,r4454,82.0,LONGITUDINAL/TRANSVERSE CRACKING
911,POOR,CONCRETE,S Hawthorne DR,r4454,82.0,LONGITUDINAL/TRANSVERSE CRACKING
912,POOR,CONCRETE,S Hawthorne DR,r4577,39.0,LONGITUDINAL/TRANSVERSE CRACKING
913,POOR,CONCRETE,S Hawthorne DR,r4577,39.0,ALLIGATOR CRACKING
914,POOR,CONCRETE,S Hawthorne DR,r4577,39.0,WEATHERING
915,POOR,CONCRETE,S Hawthorne DR,r4577,39.0,RAVELING
916,POOR,CONCRETE,S Hawthorne DR,r4577,39.0,ALLIGATOR CRACKING
917,POOR,CONCRETE,S Hawthorne DR,r4577,39.0,LONGITUDINAL/TRANSVERSE CRACKING
918,POOR,CONCRETE,S Hawthorne DR,r4577,39.0,ALLIGATOR CRACKING
919,POOR,CONCRETE,S Hawthorne DR,r4577,39.0,WEATHERING
920,POOR,CONCRETE,S Hawthorne DR,r4577,39.0,RAVELING
921,POOR,CONCRETE,S Hawthorne DR,r4577,39.0,ALLIGATOR CRACKING
922,POOR,CONCRETE,S Henderson ST,q4010,53.0,ALLIGATOR CRACKING
923,POOR,CONCRETE,S Henderson ST,q4010,53.0,ALLIGATOR CRACKING
924,POOR,CONCRETE,S Henderson ST,q4010,53.0,LONGITUDINAL/TRANSVERSE CRACKING
925,POOR,CONCRETE,S Henderson ST,q4010,53.0,WEATHERING
926,POOR,CONCRETE,S Henderson ST,q4010,53.0,LONGITUDINAL/TRANSVERSE CRACKING
927,POOR,CONCRETE,S Henderson ST,q4010,53.0,PATCH/UTILITY CUT
928,POOR,CONCRETE,S Henderson ST,q4010,53.0,ALLIGATOR CRACKING
929,POOR,CONCRETE,S Henderson ST,q4010,53.0,BLOCK CRACKING
930,POOR,CONCRETE,S Henderson ST,q4010,53.0,WEATHERING
931,POOR,CONCRETE,S Henderson ST,q4010,53.0,ALLIGATOR CRACKING
932,POOR,CONCRETE,S Henderson ST,q4010,53.0,LONGITUDINAL/TRANSVERSE CRACKING
933,POOR,CONCRETE,S Henderson ST,q4010,53.0,ALLIGATOR CRACKING
934,POOR,CONCRETE,S Henderson ST,q4010,53.0,PATCH/UTILITY CUT
935,POOR,CONCRETE,S Henderson ST,q4010,53.0,WEATHERING
936,POOR,CONCRETE,S Henderson ST,q4011,47.0,RUTTING
937,POOR,CONCRETE,S Henderson ST,q4011,47.0,ALLIGATOR CRACKING
938,POOR,CONCRETE,S Henderson ST,q4011,47.0,LONGITUDINAL/TRANSVERSE CRACKING
939,POOR,CONCRETE,S Henderson ST,q4011,47.0,WEATHERING
940,POOR,CONCRETE,S Henderson ST,q4116,78.0,ALLIGATOR CRACKING
941,POOR,CONCRETE,S Henderson ST,q4116,78.0,LONGITUDINAL/TRANSVERSE CRACKING
942,POOR,CONCRETE,S Henderson ST,q4116,78.0,WEATHERING
943,POOR,CONCRETE,S Henderson ST,q4116,78.0,LONGITUDINAL/TRANSVERSE CRACKING
944,POOR,CONCRETE,S Henderson ST,q4116,78.0,WEATHERING
945,POOR,CONCRETE,S Henderson ST,q4116,78.0,ALLIGATOR CRACKING
946,POOR,CONCRETE,S Henderson ST,q4116,78.0,LONGITUDINAL/TRANSVERSE CRACKING
947,POOR,CONCRETE,S Henderson ST,q4116,78.0,WEATHERING
948,POOR,CONCRETE,S Henderson ST,q4116,78.0,ALLIGATOR CRACKING
949,POOR,CONCRETE,S Henderson ST,q4226,83.0,WEATHERING
950,POOR,CONCRETE,S Henderson ST,q4226,83.0,LONGITUDINAL/TRANSVERSE CRACKING
951,POOR,CONCRETE,S Henderson ST,q4230,83.0,LONGITUDINAL/TRANSVERSE CRACKING
952,POOR,CONCRETE,S Henderson ST,q4230,83.0,WEATHERING
953,POOR,CONCRETE,S Henderson ST,q4469,72.0,LONGITUDINAL/TRANSVERSE CRACKING
954,POOR,CONCRETE,S Henderson ST,q4469,72.0,WEATHERING
955,POOR,CONCRETE,S Henderson ST,q4469,72.0,ALLIGATOR CRACKING
956,POOR,CONCRETE,S Henderson ST,q4469,72.0,PATCH/UTILITY CUT
957,POOR,CONCRETE,S Henderson ST,q4470,77.0,WEATHERING
958,POOR,CONCRETE,S Henderson ST,q4470,77.0,ALLIGATOR CRACKING
959,POOR,CONCRETE,S Henderson ST,q4470,77.0,LONGITUDINAL/TRANSVERSE CRACKING
960,POOR,CONCRETE,S High ST,s4249,60.0,PATCH/UTILITY CUT
961,POOR,CONCRETE,S High ST,s4249,60.0,WEATHERING
962,POOR,CONCRETE,S High ST,s4249,60.0,ALLIGATOR CRACKING
963,POOR,CONCRETE,S High ST,s4249,60.0,LONGITUDINAL/TRANSVERSE CRACKING
964,POOR,CONCRETE,S High ST,s4249,60.0,RUTTING
965,POOR,CONCRETE,S High ST,s4249,60.0,RUTTING
966,POOR,CONCRETE,S High ST,s4249,60.0,LONGITUDINAL/TRANSVERSE CRACKING
967,POOR,CONCRETE,S High ST,s4249,60.0,ALLIGATOR CRACKING
968,POOR,CONCRETE,S High ST,s4249,60.0,WEATHERING
969,POOR,CONCRETE,S High ST,s4249,60.0,ALLIGATOR CRACKING
970,POOR,CONCRETE,S High ST,s4249,60.0,RUTTING
971,POOR,CONCRETE,S High ST,s4249,60.0,WEATHERING
972,POOR,CONCRETE,S High ST,s4249,60.0,ALLIGATOR CRACKING
973,POOR,CONCRETE,S High ST,s4249,60.0,ALLIGATOR CRACKING
974,POOR,CONCRETE,S High ST,s4249,60.0,RUTTING
975,POOR,CONCRETE,S High ST,s4249,60.0,WEATHERING
976,POOR,CONCRETE,S High ST,s4249,60.0,LONGITUDINAL/TRANSVERSE CRACKING
977,POOR,CONCRETE,S High ST,s4321,68.0,WEATHERING
978,POOR,CONCRETE,S High ST,s4321,68.0,LONGITUDINAL/TRANSVERSE CRACKING
979,POOR,CONCRETE,S High ST,s4321,68.0,ALLIGATOR CRACKING
980,POOR,CONCRETE,S High ST,s4321,68.0,WEATHERING
981,POOR,CONCRETE,S High ST,s4321,68.0,LONGITUDINAL/TRANSVERSE CRACKING
982,POOR,CONCRETE,S High ST,s4321,68.0,ALLIGATOR CRACKING
983,POOR,CONCRETE,S Highland AVE,r4468,25.0,ALLIGATOR CRACKING
984,POOR,CONCRETE,S Highland AVE,r4468,25.0,ALLIGATOR CRACKING
985,POOR,CONCRETE,S Highland AVE,r4468,25.0,WEATHERING
986,POOR,CONCRETE,S Highland AVE,r4468,25.0,ALLIGATOR CRACKING
987,POOR,CONCRETE,S Highland AVE,r4468,25.0,LONGITUDINAL/TRANSVERSE CRACKING
988,POOR,CONCRETE,S Highland AVE,r4468,25.0,LONGITUDINAL/TRANSVERSE CRACKING
989,POOR,CONCRETE,S Jefferson ST,s4527,27.0,EDGE CRACKING
990,POOR,CONCRETE,S Jefferson ST,s4527,27.0,WEATHERING
991,POOR,CONCRETE,S Jefferson ST,s4527,27.0,ALLIGATOR CRACKING
992,POOR,CONCRETE,S Jefferson ST,s4527,27.0,ALLIGATOR CRACKING
993,POOR,CONCRETE,S Jefferson ST,s4527,27.0,PATCH/UTILITY CUT
994,POOR,CONCRETE,S Jefferson ST,s4527,27.0,LONGITUDINAL/TRANSVERSE CRACKING
995,POOR,CONCRETE,S Jefferson ST,s4527,27.0,WEATHERING
996,POOR,CONCRETE,S Jefferson ST,s4527,27.0,PATCH/UTILITY CUT
997,POOR,CONCRETE,S Jefferson ST,s4527,27.0,LONGITUDINAL/TRANSVERSE CRACKING
998,POOR,CONCRETE,S Jefferson ST,s4527,27.0,ALLIGATOR CRACKING
999,POOR,CONCRETE,S Jefferson ST,s4527,27.0,EDGE CRACKING
1000,POOR,CONCRETE,S Leonard Springs RD,l383,46.0,LONGITUDINAL/TRANSVERSE CRACKING
1001,POOR,CONCRETE,S Leonard Springs RD,l383,46.0,WEATHERING
1002,POOR,CONCRETE,S Leonard Springs RD,l383,46.0,ALLIGATOR CRACKING
1003,POOR,CONCRETE,S Leonard Springs RD,l407,35.0,ALLIGATOR CRACKING
1004,POOR,CONCRETE,S Leonard Springs RD,l407,35.0,WEATHERING
1005,POOR,CONCRETE,S Leonard Springs RD,l407,35.0,LONGITUDINAL/TRANSVERSE CRACKING
1006,POOR,CONCRETE,S Liberty DR,m4112,94.0,WEATHERING
1007,POOR,CONCRETE,S Liberty DR,m4112,94.0,WEATHERING
1008,POOR,CONCRETE,S Liberty DR,m4112,94.0,WEATHERING
1009,POOR,CONCRETE,S Liberty DR,m4112,94.0,WEATHERING
1010,POOR,CONCRETE,S Liberty DR,m4112,94.0,LONGITUDINAL/TRANSVERSE CRACKING
1011,POOR,CONCRETE,S Liberty DR,m4112,94.0,WEATHERING
1012,POOR,CONCRETE,S Liberty DR,m4112,94.0,ALLIGATOR CRACKING
1013,POOR,CONCRETE,S Liberty DR,m4112,94.0,WEATHERING
1014,POOR,CONCRETE,S Liberty DR,m4112,94.0,LONGITUDINAL/TRANSVERSE CRACKING
1015,POOR,CONCRETE,S Liberty DR,m4112,94.0,WEATHERING
1016,POOR,CONCRETE,S Liberty DR,m4112,94.0,WEATHERING
1017,POOR,CONCRETE,S Liberty DR,m4112,94.0,WEATHERING
1018,POOR,CONCRETE,S Liberty DR,m4112,94.0,WEATHERING
1019,POOR,CONCRETE,S Liberty DR,m4112,94.0,WEATHERING
1020,POOR,CONCRETE,S Liberty DR,m4112,94.0,WEATHERING
1021,POOR,CONCRETE,S Liberty DR,m4112,94.0,LONGITUDINAL/TRANSVERSE CRACKING
1022,POOR,CONCRETE,S Liberty DR,m4112,94.0,WEATHERING
1023,POOR,CONCRETE,S Liberty DR,m4112,94.0,ALLIGATOR CRACKING
1024,POOR,CONCRETE,S Liberty DR,m4112,94.0,WEATHERING
1025,POOR,CONCRETE,S Liberty DR,m4112,94.0,LONGITUDINAL/TRANSVERSE CRACKING
1026,POOR,CONCRETE,S Liberty DR,m4112,94.0,WEATHERING
1027,POOR,CONCRETE,S Liberty DR,m4112,94.0,WEATHERING
1028,POOR,CONCRETE,S Liberty DR,m4112,94.0,WEATHERING
1029,POOR,CONCRETE,S Liberty DR,m4112,94.0,WEATHERING
1030,POOR,CONCRETE,S Liberty DR,m4112,94.0,WEATHERING
1031,POOR,CONCRETE,S Liberty DR,m4112,94.0,WEATHERING
1032,POOR,CONCRETE,S Liberty DR,m4112,94.0,LONGITUDINAL/TRANSVERSE CRACKING
1033,POOR,CONCRETE,S Liberty DR,m4112,94.0,WEATHERING
1034,POOR,CONCRETE,S Liberty DR,m4112,94.0,ALLIGATOR CRACKING
1035,POOR,CONCRETE,S Liberty DR,m4112,94.0,WEATHERING
1036,POOR,CONCRETE,S Liberty DR,m4112,94.0,LONGITUDINAL/TRANSVERSE CRACKING
1037,POOR,CONCRETE,S Liberty DR,m4112,94.0,WEATHERING
1038,POOR,CONCRETE,S Liberty DR,m4112,94.0,WEATHERING
1039,POOR,CONCRETE,S Liberty DR,m4112,94.0,WEATHERING
1040,POOR,CONCRETE,S Liberty DR,m4112,94.0,WEATHERING
1041,POOR,CONCRETE,S Liberty DR,m4112,94.0,WEATHERING
1042,POOR,CONCRETE,S Liberty DR,m4112,94.0,WEATHERING
1043,POOR,CONCRETE,S Liberty DR,m4112,94.0,LONGITUDINAL/TRANSVERSE CRACKING
1044,POOR,CONCRETE,S Liberty DR,m4112,94.0,WEATHERING
1045,POOR,CONCRETE,S Liberty DR,m4112,94.0,ALLIGATOR CRACKING
1046,POOR,CONCRETE,S Liberty DR,m4112,94.0,WEATHERING
1047,POOR,CONCRETE,S Liberty DR,m4112,94.0,LONGITUDINAL/TRANSVERSE CRACKING
1048,POOR,CONCRETE,S Liberty DR,m4112,94.0,WEATHERING
1049,POOR,CONCRETE,S Liberty DR,m4112,94.0,WEATHERING
1050,POOR,CONCRETE,S Liberty DR,m4112,94.0,WEATHERING
1051,POOR,CONCRETE,S Liberty DR,m4112,94.0,WEATHERING
1052,POOR,CONCRETE,S Liberty DR,m4112,94.0,WEATHERING
1053,POOR,CONCRETE,S Liberty DR,m4112,94.0,WEATHERING
1054,POOR,CONCRETE,S Liberty DR,m4112,94.0,LONGITUDINAL/TRANSVERSE CRACKING
1055,POOR,CONCRETE,S Liberty DR,m4112,94.0,WEATHERING
1056,POOR,CONCRETE,S Liberty DR,m4112,94.0,ALLIGATOR CRACKING
1057,POOR,CONCRETE,S Liberty DR,m4112,94.0,WEATHERING
1058,POOR,CONCRETE,S Liberty DR,m4112,94.0,LONGITUDINAL/TRANSVERSE CRACKING
1059,POOR,CONCRETE,S Liberty DR,m4112,94.0,WEATHERING
1060,POOR,CONCRETE,S Liberty DR,m4112,94.0,WEATHERING
1061,POOR,CONCRETE,S Lincoln ST,q4249,83.0,LONGITUDINAL/TRANSVERSE CRACKING
1062,POOR,CONCRETE,S Lincoln ST,q4249,83.0,WEATHERING
1063,POOR,CONCRETE,S Lincoln ST,q4360,83.0,LONGITUDINAL/TRANSVERSE CRACKING
1064,POOR,CONCRETE,S Lincoln ST,q4360,83.0,WEATHERING
1065,POOR,CONCRETE,S Lincoln ST,q4361,83.0,WEATHERING
1066,POOR,CONCRETE,S Lincoln ST,q4361,83.0,LONGITUDINAL/TRANSVERSE CRACKING
1067,POOR,CONCRETE,S Lincoln ST,q4361,83.0,WEATHERING
1068,POOR,CONCRETE,S Lincoln ST,q4361,83.0,LONGITUDINAL/TRANSVERSE CRACKING
1069,POOR,CONCRETE,S Madison ST,rcl444,74.0,WEATHERING
1070,POOR,CONCRETE,S Madison ST,rcl444,74.0,ALLIGATOR CRACKING
1071,POOR,CONCRETE,S Madison ST,rcl444,74.0,LONGITUDINAL/TRANSVERSE CRACKING
1072,POOR,ASPHALT,S Monon DR,q4245,29.0,BLOCK CRACKING
1073,POOR,ASPHALT,S Monon DR,q4245,29.0,WEATHERING
1074,POOR,ASPHALT,S Monon DR,q4245,29.0,EDGE CRACKING
1075,POOR,ASPHALT,S Monon DR,q4245,29.0,ALLIGATOR CRACKING
1076,POOR,ASPHALT,S Monon DR,q4245,29.0,ALLIGATOR CRACKING
1077,POOR,ASPHALT,S Monon DR,q4245,29.0,LONGITUDINAL/TRANSVERSE CRACKING
1078,POOR,ASPHALT,S Monon DR,q4245,29.0,WEATHERING
1079,POOR,CONCRETE,S Morton ST,p4333,68.0,EDGE CRACKING
1080,POOR,CONCRETE,S Morton ST,p4333,68.0,WEATHERING
1081,POOR,CONCRETE,S Morton ST,p4333,68.0,EDGE CRACKING
1082,POOR,CONCRETE,S Morton ST,p4333,68.0,LONGITUDINAL/TRANSVERSE CRACKING
1083,POOR,CONCRETE,S Morton ST,p4333,68.0,LANE/SHOULDER DROP
1084,POOR,CONCRETE,S Morton ST,p4333,68.0,EDGE CRACKING
1085,POOR,CONCRETE,S Morton ST,p4333,68.0,LONGITUDINAL/TRANSVERSE CRACKING
1086,POOR,CONCRETE,S Morton ST,p4333,68.0,EDGE CRACKING
1087,POOR,CONCRETE,S Morton ST,p4333,68.0,WEATHERING
1088,POOR,CONCRETE,S Morton ST,p4333,68.0,PATCH/UTILITY CUT
1089,POOR,CONCRETE,S Morton ST,p4333,68.0,ALLIGATOR CRACKING
1090,POOR,CONCRETE,S Morton ST,p4333,68.0,WEATHERING
1091,POOR,CONCRETE,S Morton ST,p4333,68.0,EDGE CRACKING
1092,POOR,CONCRETE,S Morton ST,p4333,68.0,LONGITUDINAL/TRANSVERSE CRACKING
1093,POOR,CONCRETE,S Morton ST,p4333,68.0,EDGE CRACKING
1094,POOR,CONCRETE,S Parkway DR,k4420,92.0,WEATHERING
1095,POOR,CONCRETE,S Parkway DR,k4420,92.0,LONGITUDINAL/TRANSVERSE CRACKING
1096,POOR,CONCRETE,S Parkway DR,k4420,92.0,WEATHERING
1097,POOR,CONCRETE,S Parkway DR,k4420,92.0,LONGITUDINAL/TRANSVERSE CRACKING
1098,POOR,CONCRETE,S Piccadilly ST,r4016,58.0,LONGITUDINAL/TRANSVERSE CRACKING
1099,POOR,CONCRETE,S Piccadilly ST,r4016,58.0,WEATHERING
1100,POOR,CONCRETE,S Piccadilly ST,r4016,58.0,LONGITUDINAL/TRANSVERSE CRACKING
1101,POOR,CONCRETE,S Piccadilly ST,r4016,58.0,ALLIGATOR CRACKING
1102,POOR,CONCRETE,S Rogers ST,p4449,62.0,LONGITUDINAL/TRANSVERSE CRACKING
1103,POOR,CONCRETE,S Rogers ST,p4449,62.0,LONGITUDINAL/TRANSVERSE CRACKING
1104,POOR,CONCRETE,S Rogers ST,p4449,62.0,WEATHERING
1105,POOR,CONCRETE,S Rogers ST,p4449,62.0,ALLIGATOR CRACKING
1106,POOR,CONCRETE,S Rogers ST,p4449,62.0,WEATHERING
1107,POOR,CONCRETE,S Rogers ST,p4449,62.0,ALLIGATOR CRACKING
1108,POOR,CONCRETE,S Rogers ST,p4449,62.0,ALLIGATOR CRACKING
1109,POOR,CONCRETE,S Rogers ST,p4449,62.0,LONGITUDINAL/TRANSVERSE CRACKING
1110,POOR,CONCRETE,S Rogers ST,p4449,62.0,LONGITUDINAL/TRANSVERSE CRACKING
1111,POOR,CONCRETE,S Rogers ST,p45134,51.0,BLOCK CRACKING
1112,POOR,CONCRETE,S Rogers ST,p45134,51.0,WEATHERING
1113,POOR,CONCRETE,S Rogers ST,p45134,51.0,ALLIGATOR CRACKING
1114,POOR,CONCRETE,S Roxbury CIR,r3944,61.0,WEATHERING
1115,POOR,CONCRETE,S Roxbury CIR,r3944,61.0,LONGITUDINAL/TRANSVERSE CRACKING
1116,POOR,CONCRETE,S Sowder SQ,r3839,53.0,WEATHERING
1117,POOR,CONCRETE,S Sowder SQ,r3839,53.0,ALLIGATOR CRACKING
1118,POOR,CONCRETE,S Sowder SQ,r3839,53.0,LONGITUDINAL/TRANSVERSE CRACKING
1119,POOR,CONCRETE,S Sowder SQ,r3839,53.0,LONGITUDINAL/TRANSVERSE CRACKING
1120,POOR,CONCRETE,S Stull AVE,r4446,83.0,LONGITUDINAL/TRANSVERSE CRACKING
1121,POOR,CONCRETE,S Stull AVE,r4446,83.0,WEATHERING
1122,POOR,CONCRETE,S Stull AVE,r4446,83.0,LONGITUDINAL/TRANSVERSE CRACKING
1123,POOR,CONCRETE,S Stull AVE,r4446,83.0,WEATHERING
1124,POOR,CONCRETE,S Tudor LN,r3943,93.0,WEATHERING
1125,POOR,CONCRETE,S Tudor LN,r3943,93.0,LONGITUDINAL/TRANSVERSE CRACKING
1126,POOR,CONCRETE,S Village CT,k4418,75.0,WEATHERING
1127,POOR,CONCRETE,S Village CT,k4418,75.0,ALLIGATOR CRACKING
1128,POOR,CONCRETE,S Village CT,k4418,75.0,LONGITUDINAL/TRANSVERSE CRACKING
1129,POOR,CONCRETE,S Village CT,k4418,75.0,LONGITUDINAL/TRANSVERSE CRACKING
1130,POOR,CONCRETE,S Village CT,k4418,75.0,ALLIGATOR CRACKING
1131,POOR,CONCRETE,S Village CT,k4418,75.0,WEATHERING
1132,POOR,CONCRETE,S Walnut ST,q411,78.0,WEATHERING
1133,POOR,CONCRETE,S Walnut ST,q411,78.0,LONGITUDINAL/TRANSVERSE CRACKING
1134,POOR,CONCRETE,S Walnut ST,q411,78.0,PATCH/UTILITY CUT
1135,POOR,CONCRETE,S Walnut ST,q411,78.0,BLOCK CRACKING
1136,POOR,CONCRETE,S Walnut ST,q411,78.0,WEATHERING
1137,POOR,CONCRETE,S Walnut ST,q411,78.0,ALLIGATOR CRACKING
1138,POOR,CONCRETE,S Walnut ST,q411,78.0,WEATHERING
1139,POOR,CONCRETE,S Walnut ST,q411,78.0,LONGITUDINAL/TRANSVERSE CRACKING
1140,POOR,CONCRETE,S Walnut ST,q411,78.0,PATCH/UTILITY CUT
1141,POOR,CONCRETE,S Wellington DR,r3942,43.0,RAVELING
1142,POOR,CONCRETE,S Wellington DR,r3942,43.0,ALLIGATOR CRACKING
1143,POOR,CONCRETE,S Wellington DR,r3942,43.0,ALLIGATOR CRACKING
1144,POOR,CONCRETE,S Wellington DR,r3942,43.0,WEATHERING
1145,POOR,CONCRETE,S Wellington DR,r3942,43.0,LONGITUDINAL/TRANSVERSE CRACKING
1146,POOR,CONCRETE,S Wellington DR,r3942,43.0,ALLIGATOR CRACKING
1147,POOR,CONCRETE,S Wellington DR,r3942,43.0,LONGITUDINAL/TRANSVERSE CRACKING
1148,POOR,CONCRETE,S Wellington DR,r3942,43.0,WEATHERING
1149,POOR,CONCRETE,S Wellington DR,r3942,43.0,RAVELING
1150,POOR,CONCRETE,S Wellington DR,r3942,43.0,ALLIGATOR CRACKING
1151,POOR,CONCRETE,S Wellington DR,r3942,43.0,ALLIGATOR CRACKING
1152,POOR,CONCRETE,S Wellington DR,r3942,43.0,WEATHERING
1153,POOR,CONCRETE,S Wellington DR,r3942,43.0,LONGITUDINAL/TRANSVERSE CRACKING
1154,POOR,CONCRETE,S Wellington DR,r3942,43.0,ALLIGATOR CRACKING
1155,POOR,CONCRETE,S Wellington DR,r3942,43.0,LONGITUDINAL/TRANSVERSE CRACKING
1156,POOR,CONCRETE,S Wellington DR,r3942,43.0,WEATHERING
1157,POOR,CONCRETE,S Woodlawn AVE,r4448,53.0,WEATHERING
1158,POOR,CONCRETE,S Woodlawn AVE,r4448,53.0,ALLIGATOR CRACKING
1159,POOR,CONCRETE,S Woodlawn AVE,r4448,53.0,ALLIGATOR CRACKING
1160,POOR,CONCRETE,S Woodlawn AVE,r4448,53.0,LONGITUDINAL/TRANSVERSE CRACKING
1161,POOR,CONCRETE,S Woodlawn AVE,r4448,53.0,LONGITUDINAL/TRANSVERSE CRACKING
1162,POOR,CONCRETE,S Woodlawn AVE,r4448,53.0,WEATHERING
1163,POOR,CONCRETE,S Woodlawn AVE,r4448,53.0,ALLIGATOR CRACKING
1164,POOR,CONCRETE,S Woodlawn AVE,r4448,53.0,ALLIGATOR CRACKING
1165,POOR,CONCRETE,S Woodlawn AVE,r4448,53.0,LONGITUDINAL/TRANSVERSE CRACKING
1166,POOR,CONCRETE,S Woodlawn AVE,r4448,53.0,LONGITUDINAL/TRANSVERSE CRACKING
1167,POOR,CONCRETE,S Woodlawn AVE,r4449,66.0,LONGITUDINAL/TRANSVERSE CRACKING
1168,POOR,CONCRETE,S Woodlawn AVE,r4449,66.0,ALLIGATOR CRACKING
1169,POOR,CONCRETE,S Woodlawn AVE,r4449,66.0,WEATHERING
1170,POOR,CONCRETE,W 10th ST,rcl2,89.0,CORNER BREAK
1171,POOR,CONCRETE,W 10th ST,rcl2,89.0,LINEAR CRACKING
1172,POOR,CONCRETE,W 10th ST,rcl2,89.0,CORNER BREAK
1173,POOR,CONCRETE,W 10th ST,rcl2,19.0,PATCH/UTILITY CUT
1174,POOR,CONCRETE,W 10th ST,rcl2,19.0,ALLIGATOR CRACKING
1175,POOR,CONCRETE,W 10th ST,rcl2,19.0,ALLIGATOR CRACKING
1176,POOR,CONCRETE,W 10th ST,rcl2,19.0,BLOCK CRACKING
1177,POOR,CONCRETE,W 10th ST,rcl2,19.0,WEATHERING
1178,POOR,CONCRETE,W 10th ST,rcl2,19.0,LONGITUDINAL/TRANSVERSE CRACKING
1179,POOR,CONCRETE,W 10th ST,rcl2,89.0,CORNER BREAK
1180,POOR,CONCRETE,W 10th ST,rcl2,89.0,LINEAR CRACKING
1181,POOR,CONCRETE,W 10th ST,rcl2,89.0,CORNER BREAK
1182,POOR,CONCRETE,W 10th ST,rcl2,19.0,PATCH/UTILITY CUT
1183,POOR,CONCRETE,W 10th ST,rcl2,19.0,ALLIGATOR CRACKING
1184,POOR,CONCRETE,W 10th ST,rcl2,19.0,ALLIGATOR CRACKING
1185,POOR,CONCRETE,W 10th ST,rcl2,19.0,BLOCK CRACKING
1186,POOR,CONCRETE,W 10th ST,rcl2,19.0,WEATHERING
1187,POOR,CONCRETE,W 10th ST,rcl2,19.0,LONGITUDINAL/TRANSVERSE CRACKING
1188,POOR,CONCRETE,W 12th ST,p4722,32.0,PATCH/UTILITY CUT
1189,POOR,CONCRETE,W 12th ST,p4722,32.0,RUTTING
1190,POOR,CONCRETE,W 12th ST,p4722,32.0,WEATHERING
1191,POOR,CONCRETE,W 12th ST,p4722,32.0,BLOCK CRACKING
1192,POOR,PAVER,W 13th ST,p4718,52.0,LANE/SHOULDER DROP
1193,POOR,PAVER,W 13th ST,p4718,52.0,BLOCK CRACKING
1194,POOR,PAVER,W 13th ST,p4718,52.0,EDGE CRACKING
1195,POOR,PAVER,W 13th ST,p4718,52.0,WEATHERING
1196,POOR,PAVER,W 13th ST,p4718,52.0,LANE/SHOULDER DROP
1197,POOR,PAVER,W 13th ST,p4718,52.0,BLOCK CRACKING
1198,POOR,PAVER,W 13th ST,p4718,52.0,EDGE CRACKING
1199,POOR,PAVER,W 13th ST,p4718,52.0,WEATHERING
1200,POOR,PAVER,W 13th ST,p4719,29.0,PATCH/UTILITY CUT
1201,POOR,PAVER,W 13th ST,p4719,29.0,ALLIGATOR CRACKING
1202,POOR,PAVER,W 13th ST,p4719,29.0,BLOCK CRACKING
1203,POOR,PAVER,W 13th ST,p4719,29.0,WEATHERING
1204,POOR,CONCRETE,W 17th ST,p484,63.0,WEATHERING
1205,POOR,CONCRETE,W 17th ST,p484,63.0,LONGITUDINAL/TRANSVERSE CRACKING
1206,POOR,CONCRETE,W 17th ST,p484,63.0,LONGITUDINAL/TRANSVERSE CRACKING
1207,POOR,CONCRETE,W 17th ST,p484,63.0,WEATHERING
1208,POOR,CONCRETE,W 17th ST,p484,63.0,ALLIGATOR CRACKING
1209,POOR,CONCRETE,W 17th ST,p485,95.0,LONGITUDINAL/TRANSVERSE CRACKING
1210,POOR,CONCRETE,W 17th ST,p485,95.0,LONGITUDINAL/TRANSVERSE CRACKING
1211,POOR,CONCRETE,W 17th ST,p485,95.0,WEATHERING
1212,POOR,CONCRETE,W 17th ST,p485,95.0,LONGITUDINAL/TRANSVERSE CRACKING
1213,POOR,CONCRETE,W 17th ST,p485,95.0,LONGITUDINAL/TRANSVERSE CRACKING
1214,POOR,CONCRETE,W 17th ST,p485,95.0,WEATHERING
1215,POOR,CONCRETE,W 1st ST,p4426,38.0,ALLIGATOR CRACKING
1216,POOR,CONCRETE,W 1st ST,p4426,38.0,BLOCK CRACKING
1217,POOR,CONCRETE,W 1st ST,p4426,38.0,RUTTING
1218,POOR,CONCRETE,W 1st ST,p4426,38.0,WEATHERING
1219,POOR,CONCRETE,W 1st ST,p4426,38.0,ALLIGATOR CRACKING
1220,POOR,CONCRETE,W 1st ST,p4426,38.0,BLOCK CRACKING
1221,POOR,CONCRETE,W 1st ST,p4426,38.0,RUTTING
1222,POOR,CONCRETE,W 1st ST,p4426,38.0,WEATHERING
1223,POOR,CONCRETE,W 1st ST,p4479,56.0,WEATHERING
1224,POOR,CONCRETE,W 1st ST,p4479,56.0,ALLIGATOR CRACKING
1225,POOR,CONCRETE,W 1st ST,p4479,56.0,WEATHERING
1226,POOR,CONCRETE,W 1st ST,p4479,56.0,LONGITUDINAL/TRANSVERSE CRACKING
1227,POOR,CONCRETE,W 1st ST,p4479,56.0,ALLIGATOR CRACKING
1228,POOR,CONCRETE,W 2nd ST,p4452,74.0,RUTTING
1229,POOR,CONCRETE,W 2nd ST,p4452,74.0,LONGITUDINAL/TRANSVERSE CRACKING
1230,POOR,CONCRETE,W 2nd ST,p4452,74.0,ALLIGATOR CRACKING
1231,POOR,CONCRETE,W 2nd ST,p4452,74.0,WEATHERING
1232,POOR,CONCRETE,W 2nd ST,p4458,56.0,ALLIGATOR CRACKING
1233,POOR,CONCRETE,W 2nd ST,p4458,56.0,WEATHERING
1234,POOR,CONCRETE,W 2nd ST,p4458,56.0,ALLIGATOR CRACKING
1235,POOR,CONCRETE,W 2nd ST,p4458,56.0,WEATHERING
1236,POOR,CONCRETE,W 2nd ST,p4458,56.0,ALLIGATOR CRACKING
1237,POOR,CONCRETE,W 2nd ST,p4458,56.0,WEATHERING
1238,POOR,CONCRETE,W 2nd ST,p4458,56.0,LONGITUDINAL/TRANSVERSE CRACKING
1239,POOR,CONCRETE,W 2nd ST,p4458,56.0,ALLIGATOR CRACKING
1240,POOR,CONCRETE,W 2nd ST,p4458,56.0,ALLIGATOR CRACKING
1241,POOR,CONCRETE,W 2nd ST,p4458,56.0,WEATHERING
1242,POOR,CONCRETE,W 2nd ST,p4458,56.0,ALLIGATOR CRACKING
1243,POOR,CONCRETE,W 2nd ST,p4458,56.0,WEATHERING
1244,POOR,CONCRETE,W 2nd ST,p4458,56.0,ALLIGATOR CRACKING
1245,POOR,CONCRETE,W 2nd ST,p4458,56.0,WEATHERING
1246,POOR,CONCRETE,W 2nd ST,p4458,56.0,LONGITUDINAL/TRANSVERSE CRACKING
1247,POOR,CONCRETE,W 2nd ST,p4458,56.0,ALLIGATOR CRACKING
1248,POOR,CONCRETE,W 2nd ST,q441,90.0,WEATHERING
1249,POOR,CONCRETE,W 2nd ST,q441,90.0,LONGITUDINAL/TRANSVERSE CRACKING
1250,POOR,CONCRETE,W 3rd ST,n4518,72.0,ALLIGATOR CRACKING
1251,POOR,CONCRETE,W 3rd ST,n4518,72.0,BLOCK CRACKING
1252,POOR,CONCRETE,W 3rd ST,n4518,72.0,WEATHERING
1253,POOR,CONCRETE,W 3rd ST,n4518,72.0,PATCH/UTILITY CUT
1254,POOR,CONCRETE,W 3rd ST,n4518,72.0,ALLIGATOR CRACKING
1255,POOR,CONCRETE,W 3rd ST,n4518,72.0,WEATHERING
1256,POOR,CONCRETE,W 3rd ST,n4518,72.0,BLOCK CRACKING
1257,POOR,CONCRETE,W 3rd ST,q4518,51.0,BLOCK CRACKING
1258,POOR,CONCRETE,W 3rd ST,q4518,51.0,ALLIGATOR CRACKING
1259,POOR,CONCRETE,W 3rd ST,q4518,51.0,WEATHERING
1260,POOR,CONCRETE,W 6th ST,p45184,74.0,WEATHERING
1261,POOR,CONCRETE,W 6th ST,p45184,74.0,LONGITUDINAL/TRANSVERSE CRACKING
1262,POOR,CONCRETE,W 6th ST,p45184,74.0,LONGITUDINAL/TRANSVERSE CRACKING
1263,POOR,CONCRETE,W 6th ST,p45184,74.0,PATCH/UTILITY CUT
1264,POOR,CONCRETE,W 6th ST,p45184,74.0,WEATHERING
1265,POOR,CONCRETE,W 6th ST,p45184,74.0,LONGITUDINAL/TRANSVERSE CRACKING
1266,POOR,CONCRETE,W 6th ST,p45184,74.0,LONGITUDINAL/TRANSVERSE CRACKING
1267,POOR,CONCRETE,W 6th ST,p45184,74.0,PATCH/UTILITY CUT
1268,POOR,CONCRETE,W 6th ST,p45217,46.0,WEATHERING
1269,POOR,CONCRETE,W 6th ST,p45217,46.0,ALLIGATOR CRACKING
1270,POOR,CONCRETE,W 6th ST,p45217,46.0,LONGITUDINAL/TRANSVERSE CRACKING
1271,POOR,CONCRETE,W 6th ST,p45217,46.0,PATCH/UTILITY CUT
1272,POOR,CONCRETE,W 6th ST,p45217,46.0,LONGITUDINAL/TRANSVERSE CRACKING
1273,POOR,CONCRETE,W 8th ST,p4647,60.0,LONGITUDINAL/TRANSVERSE CRACKING
1274,POOR,CONCRETE,W 8th ST,p4647,60.0,LONGITUDINAL/TRANSVERSE CRACKING
1275,POOR,CONCRETE,W 8th ST,p4647,60.0,PATCH/UTILITY CUT
1276,POOR,CONCRETE,W 8th ST,p4647,60.0,WEATHERING
1277,POOR,CONCRETE,W 9th ST,p4661,59.0,WEATHERING
1278,POOR,CONCRETE,W 9th ST,p4661,59.0,BLOCK CRACKING
1279,POOR,CONCRETE,W 9th ST,p4661,59.0,ALLIGATOR CRACKING
1280,POOR,CONCRETE,W Cottage Grove AVE,p4665,76.0,LONGITUDINAL/TRANSVERSE CRACKING
1281,POOR,CONCRETE,W Cottage Grove AVE,p4665,76.0,LONGITUDINAL/TRANSVERSE CRACKING
1282,POOR,CONCRETE,W Cottage Grove AVE,p4665,76.0,ALLIGATOR CRACKING
1283,POOR,CONCRETE,W Cottage Grove AVE,p4665,76.0,WEATHERING
1284,POOR,CONCRETE,W Dodds ST,p4436,42.0,LONGITUDINAL/TRANSVERSE CRACKING
1285,POOR,CONCRETE,W Dodds ST,p4436,42.0,ALLIGATOR CRACKING
1286,POOR,CONCRETE,W Dodds ST,p4436,42.0,WEATHERING
1287,POOR,CONCRETE,W Dodds ST,p4436,42.0,BLOCK CRACKING
1288,POOR,CONCRETE,W Dodds ST,p4436,42.0,PATCH/UTILITY CUT
1289,POOR,CONCRETE,W Dodds ST,p4436,42.0,BLOCK CRACKING
1290,POOR,CONCRETE,W Dodds ST,p4436,42.0,LONGITUDINAL/TRANSVERSE CRACKING
1291,POOR,CONCRETE,W Dodds ST,p4436,42.0,ALLIGATOR CRACKING
1292,POOR,CONCRETE,W Dodds ST,p4436,42.0,WEATHERING
1293,POOR,CONCRETE,W Dodds ST,p4436,42.0,PATCH/UTILITY CUT
1294,POOR,CONCRETE,W Grimes LN,q4331,54.0,WEATHERING
1295,POOR,CONCRETE,W Grimes LN,q4331,54.0,PATCH/UTILITY CUT
1296,POOR,CONCRETE,W Grimes LN,q4331,54.0,LONGITUDINAL/TRANSVERSE CRACKING
1297,POOR,CONCRETE,W Grimes LN,q4331,54.0,LONGITUDINAL/TRANSVERSE CRACKING
1298,POOR,CONCRETE,W Grimes LN,q4331,54.0,PATCH/UTILITY CUT
1299,POOR,CONCRETE,W Grimes LN,q4331,54.0,BLOCK CRACKING
1300,POOR,CONCRETE,W Grimes LN,q4331,54.0,WEATHERING
1301,POOR,CONCRETE,W Grimes LN,q4331,54.0,LONGITUDINAL/TRANSVERSE CRACKING
1302,POOR,CONCRETE,W Grimes LN,q4331,54.0,ALLIGATOR CRACKING
1303,POOR,CONCRETE,W Grimes LN,q4331,54.0,LONGITUDINAL/TRANSVERSE CRACKING
1304,POOR,CONCRETE,W Howe ST,p452,53.0,ALLIGATOR CRACKING
1305,POOR,CONCRETE,W Howe ST,p452,53.0,LONGITUDINAL/TRANSVERSE CRACKING
1306,POOR,CONCRETE,W Howe ST,p452,53.0,WEATHERING
1307,POOR,CONCRETE,W Howe ST,p452,53.0,LONGITUDINAL/TRANSVERSE CRACKING
1308,POOR,CONCRETE,W Howe ST,p452,53.0,ALLIGATOR CRACKING
1309,POOR,CONCRETE,W Howe ST,p452,53.0,WEATHERING
1310,POOR,CONCRETE,W Howe ST,p452,53.0,ALLIGATOR CRACKING
1311,POOR,CONCRETE,W Howe ST,p452,53.0,LONGITUDINAL/TRANSVERSE CRACKING
1312,POOR,CONCRETE,W Howe ST,p452,53.0,WEATHERING
1313,POOR,CONCRETE,W Howe ST,p452,53.0,LONGITUDINAL/TRANSVERSE CRACKING
1314,POOR,CONCRETE,W Howe ST,p452,53.0,ALLIGATOR CRACKING
1315,POOR,CONCRETE,W Howe ST,p452,53.0,WEATHERING
1316,POOR,CONCRETE,W Howe ST,p4528,81.0,LONGITUDINAL/TRANSVERSE CRACKING
1317,POOR,CONCRETE,W Howe ST,p4528,81.0,WEATHERING
1318,POOR,CONCRETE,W Howe ST,p4529,70.0,ALLIGATOR CRACKING
1319,POOR,CONCRETE,W Howe ST,p4529,70.0,BLOCK CRACKING
1320,POOR,CONCRETE,W Howe ST,p4529,70.0,PATCH/UTILITY CUT
1321,POOR,CONCRETE,W Howe ST,p4529,70.0,WEATHERING
1322,POOR,CONCRETE,W Howe ST,p4558,80.0,LONGITUDINAL/TRANSVERSE CRACKING
1323,POOR,CONCRETE,W Howe ST,p4558,80.0,ALLIGATOR CRACKING
1324,POOR,CONCRETE,W Howe ST,p4558,80.0,WEATHERING
1325,POOR,CONCRETE,W Howe ST,p4558,80.0,PATCH/UTILITY CUT
1326,POOR,CONCRETE,W Howe ST,p4558,80.0,LONGITUDINAL/TRANSVERSE CRACKING
1327,POOR,CONCRETE,W Howe ST,p4558,80.0,WEATHERING
1328,POOR,CONCRETE,W Howe ST,p4558,80.0,LONGITUDINAL/TRANSVERSE CRACKING
1329,POOR,CONCRETE,W Howe ST,p4558,80.0,ALLIGATOR CRACKING
1330,POOR,CONCRETE,W Howe ST,p4558,80.0,WEATHERING
1331,POOR,CONCRETE,W Howe ST,p4558,80.0,PATCH/UTILITY CUT
1332,POOR,CONCRETE,W Howe ST,p4558,80.0,LONGITUDINAL/TRANSVERSE CRACKING
1333,POOR,CONCRETE,W Howe ST,p4558,80.0,WEATHERING
1334,POOR,CONCRETE,W Kirkwood AVE,p45213,34.0,ALLIGATOR CRACKING
1335,POOR,CONCRETE,W Kirkwood AVE,p45213,34.0,BUMPS/SAGS
1336,POOR,CONCRETE,W Kirkwood AVE,p45213,34.0,WEATHERING
1337,POOR,CONCRETE,W Kirkwood AVE,p45213,34.0,ALLIGATOR CRACKING
1338,POOR,CONCRETE,W Kirkwood AVE,p45213,34.0,ALLIGATOR CRACKING
1339,POOR,CONCRETE,W Kirkwood AVE,p45213,34.0,LONGITUDINAL/TRANSVERSE CRACKING
1340,POOR,CONCRETE,W Kirkwood AVE,p45213,34.0,LONGITUDINAL/TRANSVERSE CRACKING
1341,POOR,CONCRETE,W Kirkwood AVE,p45214,63.0,WEATHERING
1342,POOR,CONCRETE,W Kirkwood AVE,p45214,63.0,BLOCK CRACKING
1343,POOR,CONCRETE,W Kirkwood AVE,p45214,63.0,ALLIGATOR CRACKING
1344,POOR,CONCRETE,W Kirkwood AVE,p45214,63.0,LONGITUDINAL/TRANSVERSE CRACKING
1345,POOR,CONCRETE,W Pine Meadows DR,rcl285,63.0,PATCH/UTILITY CUT
1346,POOR,CONCRETE,W Pine Meadows DR,rcl285,63.0,ALLIGATOR CRACKING
1347,POOR,CONCRETE,W Pine Meadows DR,rcl285,63.0,WEATHERING
1348,POOR,CONCRETE,W Pine Meadows DR,rcl285,63.0,WEATHERING
1349,POOR,CONCRETE,W Pine Meadows DR,rcl285,63.0,LONGITUDINAL/TRANSVERSE CRACKING
1350,POOR,CONCRETE,W Pine Meadows DR,rcl285,63.0,ALLIGATOR CRACKING
1351,POOR,CONCRETE,W Pine Meadows DR,rcl285,63.0,ALLIGATOR CRACKING
1353,POOR,CONCRETE,W Tapp RD,m4010,81.0,ALLIGATOR CRACKING
1354,POOR,CONCRETE,W Tapp RD,m4010,81.0,WEATHERING
1355,POOR,CONCRETE,W Tapp RD,m4010,81.0,LONGITUDINAL/TRANSVERSE CRACKING
1356,POOR,CONCRETE,W Tapp RD,m4010,81.0,WEATHERING
1357,POOR,CONCRETE,W Tapp RD,m4010,81.0,ALLIGATOR CRACKING
1358,POOR,CONCRETE,W Tapp RD,m4010,81.0,LONGITUDINAL/TRANSVERSE CRACKING
1359,POOR,CONCRETE,W Tapp RD,n404,60.0,ALLIGATOR CRACKING
1360,POOR,CONCRETE,W Tapp RD,n404,60.0,WEATHERING
1361,POOR,CONCRETE,W Tapp RD,n404,60.0,BLOCK CRACKING
1362,POOR,CONCRETE,W Tapp RD,n404,60.0,BLOCK CRACKING
1363,POOR,CONCRETE,W Tapp RD,n404,60.0,WEATHERING
1364,POOR,CONCRETE,W Tapp RD,n404,60.0,ALLIGATOR CRACKING
1368,POOR,PAVER,W Wylie ST,p4438,63.0,ALLIGATOR CRACKING
1369,POOR,PAVER,W Wylie ST,p4438,63.0,WEATHERING
1370,POOR,PAVER,W Wylie ST,p4438,63.0,EDGE CRACKING
1371,POOR,PAVER,W Wylie ST,p4438,63.0,ALLIGATOR CRACKING
1372,POOR,PAVER,W Wylie ST,p4438,63.0,LONGITUDINAL/TRANSVERSE CRACKING
1373,POOR,PAVER,W Wylie ST,p4438,63.0,PATCH/UTILITY CUT
1374,POOR,PAVER,W Wylie ST,p4438,63.0,ALLIGATOR CRACKING
1375,POOR,PAVER,W Wylie ST,p4438,63.0,WEATHERING
1376,POOR,PAVER,W Wylie ST,p4438,63.0,LONGITUDINAL/TRANSVERSE CRACKING
1377,POOR,PAVER,W Wylie ST,p4438,63.0,LONGITUDINAL/TRANSVERSE CRACKING
1378,POOR,PAVER,W Wylie ST,p4438,63.0,WEATHERING
1379,POOR,PAVER,W Wylie ST,p4438,63.0,ALLIGATOR CRACKING
1380,POOR,PAVER,W Wylie ST,p4438,63.0,WEATHERING
1381,POOR,PAVER,W Wylie ST,p4438,63.0,EDGE CRACKING
1382,POOR,PAVER,W Wylie ST,p4438,63.0,ALLIGATOR CRACKING
1383,POOR,PAVER,W Wylie ST,p4438,63.0,LONGITUDINAL/TRANSVERSE CRACKING
1384,POOR,PAVER,W Wylie ST,p4438,63.0,PATCH/UTILITY CUT
1385,POOR,PAVER,W Wylie ST,p4438,63.0,ALLIGATOR CRACKING
1386,POOR,PAVER,W Wylie ST,p4438,63.0,WEATHERING
1387,POOR,PAVER,W Wylie ST,p4438,63.0,LONGITUDINAL/TRANSVERSE CRACKING
1388,POOR,PAVER,W Wylie ST,p4438,63.0,LONGITUDINAL/TRANSVERSE CRACKING
1389,POOR,PAVER,W Wylie ST,p4438,63.0,WEATHERING
1390,POOR,PAVER,W Wylie ST,p4438,63.0,ALLIGATOR CRACKING
1391,POOR,PAVER,W Wylie ST,p4438,63.0,WEATHERING
1392,POOR,PAVER,W Wylie ST,p4438,63.0,EDGE CRACKING
1393,POOR,PAVER,W Wylie ST,p4438,63.0,ALLIGATOR CRACKING
1394,POOR,PAVER,W Wylie ST,p4438,63.0,LONGITUDINAL/TRANSVERSE CRACKING
1395,POOR,PAVER,W Wylie ST,p4438,63.0,PATCH/UTILITY CUT
1396,POOR,PAVER,W Wylie ST,p4438,63.0,ALLIGATOR CRACKING
1397,POOR,PAVER,W Wylie ST,p4438,63.0,WEATHERING
1398,POOR,PAVER,W Wylie ST,p4438,63.0,LONGITUDINAL/TRANSVERSE CRACKING
1399,POOR,PAVER,W Wylie ST,p4438,63.0,LONGITUDINAL/TRANSVERSE CRACKING
1400,POOR,PAVER,W Wylie ST,p4438,63.0,WEATHERING
1401,POOR,PAVER,W Wylie ST,p4438,63.0,ALLIGATOR CRACKING
1402,POOR,PAVER,W Wylie ST,p4438,63.0,WEATHERING
1403,POOR,PAVER,W Wylie ST,p4438,63.0,EDGE CRACKING
1404,POOR,PAVER,W Wylie ST,p4438,63.0,ALLIGATOR CRACKING
1405,POOR,PAVER,W Wylie ST,p4438,63.0,LONGITUDINAL/TRANSVERSE CRACKING
1406,POOR,PAVER,W Wylie ST,p4438,63.0,PATCH/UTILITY CUT
1407,POOR,PAVER,W Wylie ST,p4438,63.0,ALLIGATOR CRACKING
1408,POOR,PAVER,W Wylie ST,p4438,63.0,WEATHERING
1409,POOR,PAVER,W Wylie ST,p4438,63.0,LONGITUDINAL/TRANSVERSE CRACKING
1410,POOR,PAVER,W Wylie ST,p4438,63.0,LONGITUDINAL/TRANSVERSE CRACKING
1411,POOR,PAVER,W Wylie ST,p4438,63.0,WEATHERING
1412,POOR,PAVER,W Wylie ST,p4438,63.0,ALLIGATOR CRACKING
1413,POOR,PAVER,W Wylie ST,p4438,63.0,WEATHERING
1414,POOR,PAVER,W Wylie ST,p4438,63.0,EDGE CRACKING
1415,POOR,PAVER,W Wylie ST,p4438,63.0,ALLIGATOR CRACKING
1416,POOR,PAVER,W Wylie ST,p4438,63.0,LONGITUDINAL/TRANSVERSE CRACKING
1417,POOR,PAVER,W Wylie ST,p4438,63.0,PATCH/UTILITY CUT
1418,POOR,PAVER,W Wylie ST,p4438,63.0,ALLIGATOR CRACKING
1419,POOR,PAVER,W Wylie ST,p4438,63.0,WEATHERING
1420,POOR,PAVER,W Wylie ST,p4438,63.0,LONGITUDINAL/TRANSVERSE CRACKING
1421,POOR,PAVER,W Wylie ST,p4438,63.0,LONGITUDINAL/TRANSVERSE CRACKING
1422,POOR,PAVER,W Wylie ST,p4438,63.0,WEATHERING
1423,POOR,PAVER,W Wylie ST,p4438,63.0,ALLIGATOR CRACKING
1424,POOR,PAVER,W Wylie ST,p4438,63.0,WEATHERING
1425,POOR,PAVER,W Wylie ST,p4438,63.0,EDGE CRACKING
1426,POOR,PAVER,W Wylie ST,p4438,63.0,ALLIGATOR CRACKING
1427,POOR,PAVER,W Wylie ST,p4438,63.0,LONGITUDINAL/TRANSVERSE CRACKING
1428,POOR,PAVER,W Wylie ST,p4438,63.0,PATCH/UTILITY CUT
1429,POOR,PAVER,W Wylie ST,p4438,63.0,ALLIGATOR CRACKING
1430,POOR,PAVER,W Wylie ST,p4438,63.0,WEATHERING
1431,POOR,PAVER,W Wylie ST,p4438,63.0,LONGITUDINAL/TRANSVERSE CRACKING
1432,POOR,PAVER,W Wylie ST,p4438,63.0,LONGITUDINAL/TRANSVERSE CRACKING
1433,POOR,PAVER,W Wylie ST,p4438,63.0,WEATHERING
